[Licensing::Module] Trying to connect to existing licensing client channel...
Built from '6000.0/staging' branch; Version is '6000.0.74f1 (7685f01dc6be) revision 7767536'; Using compiler version '193933523'; Build Type 'Release'
OS: 'Windows 11  (10.0.26200) Core' Language: 'es' Physical Memory: 14273 MB
BatchMode: 1, IsHumanControllingUs: 0, StartBugReporterOnCrash: 0, Is64bit: 1
[Licensing::IpcConnector] Successfully connected to: "LicenseClient-steve" at "2026-06-11T09:26:29.4836359Z"
System  architecture: x64
Process architecture: x64
Date: 2026-06-11T09:26:29Z

COMMAND LINE ARGUMENTS:
C:\Program Files\Unity\Hub\Editor\6000.0.74f1\Editor\Unity.exe
-adb2
-batchMode
-noUpm
-name
AssetImportWorker2
-projectPath
C:/Users/steve/GithSKD/SkoolDayzsSucks
-logFile
Logs/AssetImportWorker2.log
-srvPort
61125
-licensingIpc
LicenseClient-steve
-job-worker-count
3
-background-job-worker-count
8
-gc-helper-count
1
-name
AssetImport
Successfully changed project path to: C:/Users/steve/GithSKD/SkoolDayzsSucks
C:/Users/steve/GithSKD/SkoolDayzsSucks
[UnityMemory] Configuration Parameters - Can be set up in boot.config
    "memorysetup-bucket-allocator-granularity=16"
    "memorysetup-bucket-allocator-bucket-count=8"
    "memorysetup-bucket-allocator-block-size=33554432"
    "memorysetup-bucket-allocator-block-count=8"
    "memorysetup-main-allocator-block-size=16777216"
    "memorysetup-thread-allocator-block-size=16777216"
    "memorysetup-gfx-main-allocator-block-size=16777216"
    "memorysetup-gfx-thread-allocator-block-size=16777216"
    "memorysetup-cache-allocator-block-size=4194304"
    "memorysetup-typetree-allocator-block-size=2097152"
    "memorysetup-profiler-bucket-allocator-granularity=16"
    "memorysetup-profiler-bucket-allocator-bucket-count=8"
    "memorysetup-profiler-bucket-allocator-block-size=33554432"
    "memorysetup-profiler-bucket-allocator-block-count=8"
    "memorysetup-profiler-allocator-block-size=16777216"
    "memorysetup-profiler-editor-allocator-block-size=1048576"
    "memorysetup-temp-allocator-size-main=16777216"
    "memorysetup-job-temp-allocator-block-size=2097152"
    "memorysetup-job-temp-allocator-block-size-background=1048576"
    "memorysetup-job-temp-allocator-reduction-small-platforms=262144"
    "memorysetup-allocator-temp-initial-block-size-main=262144"
    "memorysetup-allocator-temp-initial-block-size-worker=262144"
    "memorysetup-temp-allocator-size-background-worker=32768"
    "memorysetup-temp-allocator-size-job-worker=262144"
    "memorysetup-temp-allocator-size-preload-manager=33554432"
    "memorysetup-temp-allocator-size-nav-mesh-worker=65536"
    "memorysetup-temp-allocator-size-audio-worker=65536"
    "memorysetup-temp-allocator-size-cloud-worker=32768"
    "memorysetup-temp-allocator-size-gi-baking-worker=262144"
    "memorysetup-temp-allocator-size-gi-baking-worker=262144"
    "memorysetup-temp-allocator-size-gi-baking-worker=262144"
    "memorysetup-temp-allocator-size-gi-baking-worker=262144"
    "memorysetup-temp-allocator-size-gi-baking-worker=262144"
    "memorysetup-temp-allocator-size-gfx=262144"
Player connection [19760]  Target information:

Player connection [19760]  * "[IP] 192.168.56.1 [Port] 0 [Flags] 2 [Guid] 3337784670 [EditorId] 3337784670 [Version] 1048832 [Id] WindowsEditor(7,PortatilNaia) [Debug] 1 [PackageName] WindowsEditor [ProjectName] Editor" 

Player connection [19760]  * "[IP] 192.168.1.17 [Port] 0 [Flags] 2 [Guid] 3337784670 [EditorId] 3337784670 [Version] 1048832 [Id] WindowsEditor(7,PortatilNaia) [Debug] 1 [PackageName] WindowsEditor [ProjectName] Editor" 

Player connection [19760] Host joined multi-casting on [225.0.0.222:54997]...
Player connection [19760] Host joined alternative multi-casting on [225.0.0.222:34997]...
JobSystem: Creating JobQueue using job-worker-count value 3
Input System module state changed to: Initialized.
[Physics::Module] Initialized fallback backend.
[Physics::Module] Id: 0xdecafbad
[Licensing::Client] Code 10 while verifying Licensing Client signature (process Id: 16248, path: "C:/Program Files/Unity Hub/UnityLicensingClient_V1/Unity.Licensing.Client.exe")
[Licensing::Module] LicensingClient has failed validation; ignoring
[Licensing::Client] Error: HandshakeResponse reported an error:
	ResponseCode: 505
	ResponseStatus: Unsupported protocol version '1.17.4'.
[Licensing::Module] Error: Failed to handshake to channel: "LicenseClient-steve"
[Licensing::IpcConnector] LicenseClient-steve channel disconnected successfully.
[Licensing::IpcConnector] Successfully connected to: "LicenseClient-steve-6000.0.74" at "2026-06-11T09:26:29.6965454Z"
[Licensing::Client] Code 10 while verifying Licensing Client signature (process Id: 22400, path: "C:/Program Files/Unity/Hub/Editor/6000.0.74f1/Editor/Data/Resources/Licensing/Client/Unity.Licensing.Client.exe")
[Licensing::Module] LicensingClient has failed validation; ignoring
[Licensing::Client] Handshaking with LicensingClient:
  Version:                 1.17.4+4293ba1
  Session Id:              5b0232b3a07643c7ae27813ac2242951
  Correlation Id:          689666f3a4c9f0cb49dd3779c9f75d6a
  External correlation Id: 1780896719148467700
  Machine Id:              w1PE43vAAyC2hZm8TmJ7zW0mgEw=
[Licensing::Module] Successfully connected to LicensingClient on channel: "LicenseClient-steve-6000.0.74" (connect: 0.00s, validation: 0.01s, handshake: 0.07s)
[Licensing::IpcConnector] Successfully connected to: "LicenseClient-steve-6000.0.74-notifications" at "2026-06-11T09:26:29.7687212Z"
[Licensing::Module] Licensing Background thread has ended after 0.29s
Library Redirect Path: Library/
[Physics::Module] Selected backend.
[Physics::Module] Name: PhysX
[Physics::Module] Id: 0xf2b8ea05
[Physics::Module] SDK Version: 4.1.2
[Physics::Module] Integration Version: 1.0.0
[Physics::Module] Threading Mode: Multi-Threaded
Refreshing native plugins compatible for Editor in 44.80 ms, found 5 plugins.
Preloading 0 native plugins for Editor in 0.00 ms.
Initialize engine version: 6000.0.74f1 (7685f01dc6be)
[Subsystems] Discovering subsystems at path C:/Program Files/Unity/Hub/Editor/6000.0.74f1/Editor/Data/Resources/UnitySubsystems
[Subsystems] Discovering subsystems at path C:/Users/steve/GithSKD/SkoolDayzsSucks/Assets
GfxDevice: creating device client; kGfxThreadingModeNonThreaded
Direct3D:
    Version:  Direct3D 11.0 [level 11.1]
    Renderer: AMD Radeon(TM) Vega 8 Graphics (ID=0x15d8)
    Vendor:   ATI
    VRAM:     7136 MB
    Driver:   27.20.11030.11001
Initialize mono
Mono path[0] = 'C:/Program Files/Unity/Hub/Editor/6000.0.74f1/Editor/Data/Managed'
Mono path[1] = 'C:/Program Files/Unity/Hub/Editor/6000.0.74f1/Editor/Data/MonoBleedingEdge/lib/mono/unityjit-win32'
Mono config path = 'C:/Program Files/Unity/Hub/Editor/6000.0.74f1/Editor/Data/MonoBleedingEdge/etc'
Using monoOptions --debugger-agent=transport=dt_socket,embedding=1,server=y,suspend=n,address=127.0.0.1:56332
Begin MonoManager ReloadAssembly
Registering precompiled unity dll's ...
Register platform support module: C:/Program Files/Unity/Hub/Editor/6000.0.74f1/Editor/Data/PlaybackEngines/WindowsStandaloneSupport/UnityEditor.WindowsStandalone.Extensions.dll
Registered in 0.009331 seconds.
- Loaded All Assemblies, in  1.362 seconds
Native extension for WindowsStandalone target not found
Package Manager log level set to [2]
[Package Manager] Failed to launch server process. Reason: Unity was launched with the -noUpm command-line argument
[Package Manager] Unable to send message (not connected to server process).
[Package Manager] Cannot connect to Unity Package Manager local server
Mono: successfully reloaded assembly
- Finished resetting the current domain, in  1.065 seconds
Domain Reload Profiling: 2420ms
	BeginReloadAssembly (659ms)
		ExecutionOrderSort (0ms)
		DisableScriptedObjects (0ms)
		BackupInstance (0ms)
		ReleaseScriptingObjects (0ms)
		CreateAndSetChildDomain (2ms)
	RebuildCommonClasses (181ms)
	RebuildNativeTypeToScriptingClass (34ms)
	initialDomainReloadingComplete (119ms)
	LoadAllAssembliesAndSetupDomain (362ms)
		LoadAssemblies (636ms)
		RebuildTransferFunctionScriptingTraits (0ms)
		AnalyzeDomain (355ms)
			TypeCache.Refresh (352ms)
				TypeCache.ScanAssembly (327ms)
			BuildScriptInfoCaches (0ms)
			ResolveRequiredComponents (1ms)
	FinalizeReload (1066ms)
		ReleaseScriptCaches (0ms)
		RebuildScriptCaches (0ms)
		SetupLoadedEditorAssemblies (955ms)
			LogAssemblyErrors (0ms)
			InitializePlatformSupportModulesInManaged (46ms)
			SetLoadedEditorAssemblies (12ms)
			BeforeProcessingInitializeOnLoad (196ms)
			ProcessInitializeOnLoadAttributes (549ms)
			ProcessInitializeOnLoadMethodAttributes (151ms)
			AfterProcessingInitializeOnLoad (0ms)
			EditorAssembliesLoaded (0ms)
		ExecutionOrderSort2 (0ms)
		AwakeInstancesAfterBackupRestoration (0ms)
========================================================================
Worker process is ready to serve import requests
Import Worker Mode flag is 0x00
Begin MonoManager ReloadAssembly
[Licensing::Client] Successfully resolved entitlement details
[Licensing::Module] License group:
  Id: F4-ZGAK-QVW2-M3YN-TDZ6-XXXX
  Product: Unity Personal
  Type: ULF
  Expiration: Unlimited
[Licensing::Module] License group:
  Id: 1375250263887-UnityPersXXXX
  Product: Unity Personal
  Type: Assigned
  Expiration: Unlimited
- Loaded All Assemblies, in  2.569 seconds
Refreshing native plugins compatible for Editor in 14.07 ms, found 5 plugins.
Native extension for WindowsStandalone target not found
[Package Manager] Failed to launch server process. Reason: Unity was launched with the -noUpm command-line argument
[Package Manager] Unable to send message (not connected to server process).
[Package Manager] Cannot connect to Unity Package Manager local server
Refreshing native plugins compatible for Editor in 10.65 ms, found 5 plugins.
[Package Manager] Failed to launch server process. Reason: Unity was launched with the -noUpm command-line argument
[Package Manager] Unable to send message (not connected to server process).
[Package Manager] Cannot connect to Unity Package Manager local server
Mono: successfully reloaded assembly
- Finished resetting the current domain, in  2.131 seconds
Domain Reload Profiling: 4680ms
	BeginReloadAssembly (447ms)
		ExecutionOrderSort (0ms)
		DisableScriptedObjects (13ms)
		BackupInstance (0ms)
		ReleaseScriptingObjects (0ms)
		CreateAndSetChildDomain (64ms)
	RebuildCommonClasses (108ms)
	RebuildNativeTypeToScriptingClass (32ms)
	initialDomainReloadingComplete (111ms)
	LoadAllAssembliesAndSetupDomain (1849ms)
		LoadAssemblies (1476ms)
		RebuildTransferFunctionScriptingTraits (0ms)
		AnalyzeDomain (616ms)
			TypeCache.Refresh (430ms)
				TypeCache.ScanAssembly (404ms)
			BuildScriptInfoCaches (153ms)
			ResolveRequiredComponents (25ms)
	FinalizeReload (2132ms)
		ReleaseScriptCaches (0ms)
		RebuildScriptCaches (0ms)
		SetupLoadedEditorAssemblies (1804ms)
			LogAssemblyErrors (0ms)
			InitializePlatformSupportModulesInManaged (5ms)
			SetLoadedEditorAssemblies (13ms)
			BeforeProcessingInitializeOnLoad (478ms)
			ProcessInitializeOnLoadAttributes (982ms)
			ProcessInitializeOnLoadMethodAttributes (309ms)
			AfterProcessingInitializeOnLoad (16ms)
			EditorAssembliesLoaded (0ms)
		ExecutionOrderSort2 (0ms)
		AwakeInstancesAfterBackupRestoration (15ms)
Launched and connected shader compiler UnityShaderCompiler.exe after 0.04 seconds
Refreshing native plugins compatible for Editor in 9.78 ms, found 5 plugins.
Preloading 0 native plugins for Editor in 0.00 ms.
Unloading 13 Unused Serialized files (Serialized files now loaded: 0)
Unloading 7016 unused Assets / (4.9 MB). Loaded Objects now: 7728.
Memory consumption went from 142.4 MB to 137.5 MB.
Total: 19.249300 ms (FindLiveObjects: 1.468900 ms CreateObjectMapping: 1.963400 ms MarkObjects: 10.204300 ms  DeleteObjects: 5.610400 ms)

========================================================================
Received Import Request.
  Time since last request: 1711757.271378 seconds.
  path: Assets/Sprites/EnemyWalking.png
  artifactKey: Guid(5e70e76bba50daa49ac09844a62f227e) Importer(815301076,1909f56bfc062723c751e8b465ee728b)
Start importing Assets/Sprites/EnemyWalking.png using Guid(5e70e76bba50daa49ac09844a62f227e) Importer(815301076,1909f56bfc062723c751e8b465ee728b) (PreviewImporter) -> (artifact id: 'dd5dbc508b7159e0321a8f69917b3aba') in 0.3346005 seconds
Number of updated asset objects reloaded before import = 0Number of asset objects unloaded after import = 6

========================================================================
Received Import Request.
  Time since last request: 0.000047 seconds.
  path: Assets/Sprites/ProfesoraIddle1.png
  artifactKey: Guid(a2d2b4b07daceca47aa002ab657e8216) Importer(815301076,1909f56bfc062723c751e8b465ee728b)
Start importing Assets/Sprites/ProfesoraIddle1.png using Guid(a2d2b4b07daceca47aa002ab657e8216) Importer(815301076,1909f56bfc062723c751e8b465ee728b) (PreviewImporter) -> (artifact id: '824099b7c626b962e6b54c910501e23c') in 0.0508884 seconds
Number of updated asset objects reloaded before import = 0Number of asset objects unloaded after import = 3

========================================================================
Received Import Request.
  Time since last request: 15.539198 seconds.
  path: Packages/com.unity.2d.spriteshape/Editor/ObjectMenuCreation/DefaultAssets/Sprite Shapes/SpriteShapeEdge.png
  artifactKey: Guid(0ae2b74b1edd14bb18dd7b65ae916a54) Importer(815301076,1909f56bfc062723c751e8b465ee728b)
Start importing Packages/com.unity.2d.spriteshape/Editor/ObjectMenuCreation/DefaultAssets/Sprite Shapes/SpriteShapeEdge.png using Guid(0ae2b74b1edd14bb18dd7b65ae916a54) Importer(815301076,1909f56bfc062723c751e8b465ee728b) (PreviewImporter) -> (artifact id: '9b27f9c571c6af26812bb1f3f99809cc') in 0.0590348 seconds
Number of updated asset objects reloaded before import = 0Number of asset objects unloaded after import = 3

========================================================================
Received Import Request.
  Time since last request: 0.000036 seconds.
  path: Packages/com.unity.render-pipelines.core/Editor/LookDev/Icons/SunPosition.png
  artifactKey: Guid(aa1dfcb67e8bf664d8d8a1821c118281) Importer(815301076,1909f56bfc062723c751e8b465ee728b)
Start importing Packages/com.unity.render-pipelines.core/Editor/LookDev/Icons/SunPosition.png using Guid(aa1dfcb67e8bf664d8d8a1821c118281) Importer(815301076,1909f56bfc062723c751e8b465ee728b) (PreviewImporter) -> (artifact id: '25d226068f8c3a413a9afc138d572a84') in 0.0374304 seconds
Number of updated asset objects reloaded before import = 0Number of asset objects unloaded after import = 3

========================================================================
Received Import Request.
  Time since last request: 0.000297 seconds.
  path: Packages/com.unity.2d.spriteshape/Editor/Handles/ss_leftrange.png
  artifactKey: Guid(9417efc47083f4a1598c1966a6345cdb) Importer(815301076,1909f56bfc062723c751e8b465ee728b)
Start importing Packages/com.unity.2d.spriteshape/Editor/Handles/ss_leftrange.png using Guid(9417efc47083f4a1598c1966a6345cdb) Importer(815301076,1909f56bfc062723c751e8b465ee728b) (PreviewImporter) -> (artifact id: 'ceab14cde34449c426ea9c6b22a6f384') in 0.0361094 seconds
Number of updated asset objects reloaded before import = 0Number of asset objects unloaded after import = 3

========================================================================
Received Import Request.
  Time since last request: 40.937629 seconds.
  path: Assets/Sprites/Tiles.png
  artifactKey: Guid(7483a0935b835e2418c3d87c764bec16) Importer(815301076,1909f56bfc062723c751e8b465ee728b)
Start importing Assets/Sprites/Tiles.png using Guid(7483a0935b835e2418c3d87c764bec16) Importer(815301076,1909f56bfc062723c751e8b465ee728b) (PreviewImporter) -> (artifact id: 'c07b7a733ab9ba2a80a01e7cdbad7d9b') in 0.0482068 seconds
Number of updated asset objects reloaded before import = 0Number of asset objects unloaded after import = 5

========================================================================
Received Import Request.
  Time since last request: 12.114770 seconds.
  path: Assets/Sprites/Tiles.png
  artifactKey: Guid(7483a0935b835e2418c3d87c764bec16) Importer(815301076,1909f56bfc062723c751e8b465ee728b)
Start importing Assets/Sprites/Tiles.png using Guid(7483a0935b835e2418c3d87c764bec16) Importer(815301076,1909f56bfc062723c751e8b465ee728b) (PreviewImporter) -> (artifact id: '770994ce6573846b7342df1f63980c6e') in 0.028035 seconds
Number of updated asset objects reloaded before import = 0Number of asset objects unloaded after import = 5

========================================================================
Received Import Request.
  Time since last request: 11.651424 seconds.
  path: Assets/Sprites/Tiles.png
  artifactKey: Guid(7483a0935b835e2418c3d87c764bec16) Importer(815301076,1909f56bfc062723c751e8b465ee728b)
Start importing Assets/Sprites/Tiles.png using Guid(7483a0935b835e2418c3d87c764bec16) Importer(815301076,1909f56bfc062723c751e8b465ee728b) (PreviewImporter) -> (artifact id: '504d78ac087b795e28334605b8acd12a') in 0.0353725 seconds
Number of updated asset objects reloaded before import = 0Number of asset objects unloaded after import = 5

========================================================================
Received Import Request.
  Time since last request: 12.920109 seconds.
  path: Assets/Settings/Lit2DSceneTemplate.scenetemplate
  artifactKey: Guid(d03ed43fc9d8a4f2e9fa70c1c7916eb9) Importer(815301076,1909f56bfc062723c751e8b465ee728b)
Start importing Assets/Settings/Lit2DSceneTemplate.scenetemplate using Guid(d03ed43fc9d8a4f2e9fa70c1c7916eb9) Importer(815301076,1909f56bfc062723c751e8b465ee728b) (PreviewImporter) -> (artifact id: '9f2d375c938f19099831563dbeea2c42') in 0.1264344 seconds
Number of updated asset objects reloaded before import = 0Number of asset objects unloaded after import = 4

========================================================================
Received Import Request.
  Time since last request: 1.954433 seconds.
  path: Assets/Prefabs/Entorno/PlatformSquare.prefab
  artifactKey: Guid(dbbbecd016bf90940b223beb49f82b46) Importer(815301076,1909f56bfc062723c751e8b465ee728b)
Start importing Assets/Prefabs/Entorno/PlatformSquare.prefab using Guid(dbbbecd016bf90940b223beb49f82b46) Importer(815301076,1909f56bfc062723c751e8b465ee728b) (PreviewImporter) -> (artifact id: '2ff3e8c846a7a4e6e98560732302d6f9') in 1.0799113 seconds
Number of updated asset objects reloaded before import = 0Number of asset objects unloaded after import = 11

========================================================================
Received Import Request.
  Time since last request: 11.458224 seconds.
  path: Assets/Prefabs/Entorno/PlatformFalse.prefab
  artifactKey: Guid(76cecb9beefe1cb4eb6bae669d54a1d6) Importer(815301076,1909f56bfc062723c751e8b465ee728b)
Start importing Assets/Prefabs/Entorno/PlatformFalse.prefab using Guid(76cecb9beefe1cb4eb6bae669d54a1d6) Importer(815301076,1909f56bfc062723c751e8b465ee728b) (PreviewImporter) -> (artifact id: '1396bdf599b86e420d67732710b240d6') in 0.0307372 seconds
Number of updated asset objects reloaded before import = 0Number of asset objects unloaded after import = 12

========================================================================
Received Prepare
Begin MonoManager ReloadAssembly
[Licensing::Client] Successfully resolved entitlement details
[Licensing::Module] License group:
  Id: F4-ZGAK-QVW2-M3YN-TDZ6-XXXX
  Product: Unity Personal
  Type: ULF
  Expiration: Unlimited
[Licensing::Module] License group:
  Id: 1375250263887-UnityPersXXXX
  Product: Unity Personal
  Type: Assigned
  Expiration: Unlimited
- Loaded All Assemblies, in  2.195 seconds
Refreshing native plugins compatible for Editor in 11.95 ms, found 5 plugins.
Native extension for WindowsStandalone target not found
[Package Manager] Failed to launch server process. Reason: Unity was launched with the -noUpm command-line argument
[Package Manager] Unable to send message (not connected to server process).
[Package Manager] Cannot connect to Unity Package Manager local server
[Package Manager] Failed to launch server process. Reason: Unity was launched with the -noUpm command-line argument
[Package Manager] Unable to send message (not connected to server process).
[Package Manager] Cannot connect to Unity Package Manager local server
Mono: successfully reloaded assembly
- Finished resetting the current domain, in  3.063 seconds
Domain Reload Profiling: 5256ms
	BeginReloadAssembly (620ms)
		ExecutionOrderSort (0ms)
		DisableScriptedObjects (73ms)
		BackupInstance (0ms)
		ReleaseScriptingObjects (0ms)
		CreateAndSetChildDomain (153ms)
	RebuildCommonClasses (90ms)
	RebuildNativeTypeToScriptingClass (33ms)
	initialDomainReloadingComplete (82ms)
	LoadAllAssembliesAndSetupDomain (1366ms)
		LoadAssemblies (1015ms)
		RebuildTransferFunctionScriptingTraits (0ms)
		AnalyzeDomain (600ms)
			TypeCache.Refresh (16ms)
				TypeCache.ScanAssembly (0ms)
			BuildScriptInfoCaches (548ms)
			ResolveRequiredComponents (26ms)
	FinalizeReload (3065ms)
		ReleaseScriptCaches (0ms)
		RebuildScriptCaches (0ms)
		SetupLoadedEditorAssemblies (2561ms)
			LogAssemblyErrors (0ms)
			InitializePlatformSupportModulesInManaged (5ms)
			SetLoadedEditorAssemblies (11ms)
			BeforeProcessingInitializeOnLoad (532ms)
			ProcessInitializeOnLoadAttributes (1575ms)
			ProcessInitializeOnLoadMethodAttributes (412ms)
			AfterProcessingInitializeOnLoad (25ms)
			EditorAssembliesLoaded (1ms)
		ExecutionOrderSort2 (0ms)
		AwakeInstancesAfterBackupRestoration (51ms)
Refreshing native plugins compatible for Editor in 66.95 ms, found 5 plugins.
Preloading 0 native plugins for Editor in 0.00 ms.
Unloading 13 Unused Serialized files (Serialized files now loaded: 0)
Unloading 7014 unused Assets / (4.7 MB). Loaded Objects now: 7788.
Memory consumption went from 150.3 MB to 145.5 MB.
Total: 49.619100 ms (FindLiveObjects: 6.748700 ms CreateObjectMapping: 8.943300 ms MarkObjects: 23.414400 ms  DeleteObjects: 10.506800 ms)

Prepare: number of updated asset objects reloaded= 0
========================================================================
Received Prepare
Begin MonoManager ReloadAssembly
- Loaded All Assemblies, in  3.110 seconds
Refreshing native plugins compatible for Editor in 12.36 ms, found 5 plugins.
Native extension for WindowsStandalone target not found
[Package Manager] Failed to launch server process. Reason: Unity was launched with the -noUpm command-line argument
[Package Manager] Unable to send message (not connected to server process).
[Package Manager] Cannot connect to Unity Package Manager local server
[Package Manager] Failed to launch server process. Reason: Unity was launched with the -noUpm command-line argument
[Package Manager] Unable to send message (not connected to server process).
[Package Manager] Cannot connect to Unity Package Manager local server
Mono: successfully reloaded assembly
- Finished resetting the current domain, in  3.086 seconds
Domain Reload Profiling: 6184ms
	BeginReloadAssembly (657ms)
		ExecutionOrderSort (0ms)
		DisableScriptedObjects (48ms)
		BackupInstance (0ms)
		ReleaseScriptingObjects (0ms)
		CreateAndSetChildDomain (199ms)
	RebuildCommonClasses (112ms)
	RebuildNativeTypeToScriptingClass (30ms)
	initialDomainReloadingComplete (195ms)
	LoadAllAssembliesAndSetupDomain (2102ms)
		LoadAssemblies (1652ms)
		RebuildTransferFunctionScriptingTraits (0ms)
		AnalyzeDomain (708ms)
			TypeCache.Refresh (17ms)
				TypeCache.ScanAssembly (0ms)
			BuildScriptInfoCaches (662ms)
			ResolveRequiredComponents (22ms)
	FinalizeReload (3087ms)
		ReleaseScriptCaches (0ms)
		RebuildScriptCaches (0ms)
		SetupLoadedEditorAssemblies (2599ms)
			LogAssemblyErrors (0ms)
			InitializePlatformSupportModulesInManaged (4ms)
			SetLoadedEditorAssemblies (10ms)
			BeforeProcessingInitializeOnLoad (376ms)
			ProcessInitializeOnLoadAttributes (1814ms)
			ProcessInitializeOnLoadMethodAttributes (373ms)
			AfterProcessingInitializeOnLoad (20ms)
			EditorAssembliesLoaded (1ms)
		ExecutionOrderSort2 (0ms)
		AwakeInstancesAfterBackupRestoration (47ms)
Refreshing native plugins compatible for Editor in 80.34 ms, found 5 plugins.
Preloading 0 native plugins for Editor in 0.00 ms.
Unloading 13 Unused Serialized files (Serialized files now loaded: 0)
Unloading 7014 unused Assets / (4.6 MB). Loaded Objects now: 7791.
Memory consumption went from 150.2 MB to 145.5 MB.
Total: 30.047000 ms (FindLiveObjects: 2.161900 ms CreateObjectMapping: 3.274500 ms MarkObjects: 15.473300 ms  DeleteObjects: 9.134100 ms)

Prepare: number of updated asset objects reloaded= 0
========================================================================
Received Import Request.
  Time since last request: 191.333237 seconds.
  path: Assets/Scripts
  artifactKey: Guid(ae6d0b8191030404cb10354a1401f89d) Importer(815301076,1909f56bfc062723c751e8b465ee728b)
Start importing Assets/Scripts using Guid(ae6d0b8191030404cb10354a1401f89d) Importer(815301076,1909f56bfc062723c751e8b465ee728b) (PreviewImporter) -> (artifact id: '4188e0bcabd10d9f5dc47c9fa281124b') in 0.0041276 seconds
Number of updated asset objects reloaded before import = 0Number of asset objects unloaded after import = 0

========================================================================
Received Import Request.
  Time since last request: 5.519501 seconds.
  path: Assets/DefaultVolumeProfile.asset
  artifactKey: Guid(3f9215ea0144899419cfbc0957140d3f) Importer(2089858483,192608db42251d675da83286b1cce702)
Start importing Assets/DefaultVolumeProfile.asset using Guid(3f9215ea0144899419cfbc0957140d3f) Importer(2089858483,192608db42251d675da83286b1cce702) (ScriptedImporter) -> (artifact id: '8b52fa6b565e52df6a208f51b821e3eb') in 0.529081 seconds
Number of updated asset objects reloaded before import = 0Number of asset objects unloaded after import = 0

========================================================================
Received Import Request.
  Time since last request: 0.000038 seconds.
  path: Assets/TextMesh Pro/Resources/LineBreaking Leading Characters.txt
  artifactKey: Guid(d82c1b31c7e74239bff1220585707d2b) Importer(2089858483,192608db42251d675da83286b1cce702)
Start importing Assets/TextMesh Pro/Resources/LineBreaking Leading Characters.txt using Guid(d82c1b31c7e74239bff1220585707d2b) Importer(2089858483,192608db42251d675da83286b1cce702) (ScriptedImporter) -> (artifact id: '413b1f0734c273e31f854543da33ae16') in 0.0258633 seconds
Number of updated asset objects reloaded before import = 0Number of asset objects unloaded after import = 1

========================================================================
Received Import Request.
  Time since last request: 0.000049 seconds.
  path: Assets/TextMesh Pro/Shaders/TMPro_Mobile.cginc
  artifactKey: Guid(c334973cef89a9840b0b0c507e0377ab) Importer(2089858483,192608db42251d675da83286b1cce702)
Start importing Assets/TextMesh Pro/Shaders/TMPro_Mobile.cginc using Guid(c334973cef89a9840b0b0c507e0377ab) Importer(2089858483,192608db42251d675da83286b1cce702) (ScriptedImporter) -> (artifact id: '1cf8b4087f47ad271027ad5971655fc0') in 0.0276436 seconds
Number of updated asset objects reloaded before import = 0Number of asset objects unloaded after import = 1

========================================================================
Received Import Request.
  Time since last request: 0.000039 seconds.
  path: Assets/TextMesh Pro/Resources/Fonts & Materials/LiberationSans SDF - Drop Shadow.mat
  artifactKey: Guid(e73a58f6e2794ae7b1b7e50b7fb811b0) Importer(2089858483,192608db42251d675da83286b1cce702)
Start importing Assets/TextMesh Pro/Resources/Fonts & Materials/LiberationSans SDF - Drop Shadow.mat using Guid(e73a58f6e2794ae7b1b7e50b7fb811b0) Importer(2089858483,192608db42251d675da83286b1cce702) (ScriptedImporter) -> (artifact id: '83d9e510968747593a10d5cbea36a448') in 0.0934086 seconds
Number of updated asset objects reloaded before import = 0Number of asset objects unloaded after import = 2

========================================================================
Received Import Request.
  Time since last request: 0.000038 seconds.
  path: Assets/Settings/Renderer2D.asset
  artifactKey: Guid(424799608f7334c24bf367e4bbfa7f9a) Importer(2089858483,192608db42251d675da83286b1cce702)
Start importing Assets/Settings/Renderer2D.asset using Guid(424799608f7334c24bf367e4bbfa7f9a) Importer(2089858483,192608db42251d675da83286b1cce702) (ScriptedImporter) -> (artifact id: 'ecf1e9ce0765ccb63883837563f48310') in 0.1368609 seconds
Number of updated asset objects reloaded before import = 0Number of asset objects unloaded after import = 1

========================================================================
Received Import Request.
  Time since last request: 0.000068 seconds.
  path: Assets/TextMesh Pro/Shaders/TMP_Bitmap.shader
  artifactKey: Guid(128e987d567d4e2c824d754223b3f3b0) Importer(2089858483,192608db42251d675da83286b1cce702)
Start importing Assets/TextMesh Pro/Shaders/TMP_Bitmap.shader using Guid(128e987d567d4e2c824d754223b3f3b0) Importer(2089858483,192608db42251d675da83286b1cce702) (ScriptedImporter) -> (artifact id: '0901770bf5995bfd534b74ced2c42327') in 0.0439565 seconds
Number of updated asset objects reloaded before import = 0Number of asset objects unloaded after import = 1

========================================================================
Received Import Request.
  Time since last request: 0.000029 seconds.
  path: Assets/Scripts/PlayerShoot.cs
  artifactKey: Guid(db0cfaadfe31f794da4ffcf4533b0de2) Importer(2089858483,192608db42251d675da83286b1cce702)
Start importing Assets/Scripts/PlayerShoot.cs using Guid(db0cfaadfe31f794da4ffcf4533b0de2) Importer(2089858483,192608db42251d675da83286b1cce702) (ScriptedImporter) -> (artifact id: 'babb59261501542672f8bb84ff574e74') in 0.0374348 seconds
Number of updated asset objects reloaded before import = 0Number of asset objects unloaded after import = 0

========================================================================
Received Import Request.
  Time since last request: 0.000051 seconds.
  path: Assets/Scripts/PlayerStats.cs
  artifactKey: Guid(16ec2140cc5c61b489f246cd60affb3a) Importer(2089858483,192608db42251d675da83286b1cce702)
Start importing Assets/Scripts/PlayerStats.cs using Guid(16ec2140cc5c61b489f246cd60affb3a) Importer(2089858483,192608db42251d675da83286b1cce702) (ScriptedImporter) -> (artifact id: '3a483e047be54d73297a8644f73ef619') in 0.0249838 seconds
Number of updated asset objects reloaded before import = 0Number of asset objects unloaded after import = 0

========================================================================
Received Import Request.
  Time since last request: 0.000055 seconds.
  path: Assets/TextMesh Pro/Shaders/TMPro.cginc
  artifactKey: Guid(407bc68d299748449bbf7f48ee690f8d) Importer(2089858483,192608db42251d675da83286b1cce702)
Start importing Assets/TextMesh Pro/Shaders/TMPro.cginc using Guid(407bc68d299748449bbf7f48ee690f8d) Importer(2089858483,192608db42251d675da83286b1cce702) (ScriptedImporter) -> (artifact id: '15fbb6f45b406573ce68b56748b689ff') in 0.0228744 seconds
Number of updated asset objects reloaded before import = 0Number of asset objects unloaded after import = 1

========================================================================
Received Import Request.
  Time since last request: 0.000030 seconds.
  path: Assets/TextMesh Pro/Shaders/TMP_SDF-Mobile Overlay.shader
  artifactKey: Guid(a02a7d8c237544f1962732b55a9aebf1) Importer(2089858483,192608db42251d675da83286b1cce702)
Start importing Assets/TextMesh Pro/Shaders/TMP_SDF-Mobile Overlay.shader using Guid(a02a7d8c237544f1962732b55a9aebf1) Importer(2089858483,192608db42251d675da83286b1cce702) (ScriptedImporter) -> (artifact id: '007c8c764f2e6097d6d1008b9e039496') in 0.030235 seconds
Number of updated asset objects reloaded before import = 0Number of asset objects unloaded after import = 1

========================================================================
Received Import Request.
  Time since last request: 0.000031 seconds.
  path: Assets/TextMesh Pro/Shaders/TMP_SDF SSD.shader
  artifactKey: Guid(14eb328de4b8eb245bb7cea29e4ac00b) Importer(2089858483,192608db42251d675da83286b1cce702)
Start importing Assets/TextMesh Pro/Shaders/TMP_SDF SSD.shader using Guid(14eb328de4b8eb245bb7cea29e4ac00b) Importer(2089858483,192608db42251d675da83286b1cce702) (ScriptedImporter) -> (artifact id: '9e109bb76ac0056cb60eb1263c7c6962') in 0.0386469 seconds
Number of updated asset objects reloaded before import = 0Number of asset objects unloaded after import = 1

========================================================================
Received Import Request.
  Time since last request: 0.000049 seconds.
  path: Assets/TextMesh Pro/Resources/TMP Settings.asset
  artifactKey: Guid(3f5b5dff67a942289a9defa416b206f3) Importer(2089858483,192608db42251d675da83286b1cce702)
Start importing Assets/TextMesh Pro/Resources/TMP Settings.asset using Guid(3f5b5dff67a942289a9defa416b206f3) Importer(2089858483,192608db42251d675da83286b1cce702) (ScriptedImporter) -> (artifact id: 'cfd7a3d54e27b320fdd3a3f217eaa000') in 0.1027456 seconds
Number of updated asset objects reloaded before import = 0Number of asset objects unloaded after import = 15

========================================================================
Received Import Request.
  Time since last request: 0.000045 seconds.
  path: Assets/TextMesh Pro/Resources/LineBreaking Following Characters.txt
  artifactKey: Guid(fade42e8bc714b018fac513c043d323b) Importer(2089858483,192608db42251d675da83286b1cce702)
Start importing Assets/TextMesh Pro/Resources/LineBreaking Following Characters.txt using Guid(fade42e8bc714b018fac513c043d323b) Importer(2089858483,192608db42251d675da83286b1cce702) (ScriptedImporter) -> (artifact id: '7adef23c61cf710c322fe858d331d629') in 0.0233347 seconds
Number of updated asset objects reloaded before import = 0Number of asset objects unloaded after import = 1

========================================================================
Received Import Request.
  Time since last request: 0.000050 seconds.
  path: Assets/Sprites/ProfesoraIddle1.png
  artifactKey: Guid(a2d2b4b07daceca47aa002ab657e8216) Importer(2089858483,192608db42251d675da83286b1cce702)
Start importing Assets/Sprites/ProfesoraIddle1.png using Guid(a2d2b4b07daceca47aa002ab657e8216) Importer(2089858483,192608db42251d675da83286b1cce702) (ScriptedImporter) -> (artifact id: '4da8e58d4872581f7e013822ed941c12') in 0.1314825 seconds
Number of updated asset objects reloaded before import = 0Number of asset objects unloaded after import = 3

========================================================================
Received Import Request.
  Time since last request: 0.000045 seconds.
  path: Assets/Prefabs/BarricadaLapices.prefab
  artifactKey: Guid(702c13974f04cae47b3b5b09f5bedb80) Importer(2089858483,192608db42251d675da83286b1cce702)
Start importing Assets/Prefabs/BarricadaLapices.prefab using Guid(702c13974f04cae47b3b5b09f5bedb80) Importer(2089858483,192608db42251d675da83286b1cce702) (ScriptedImporter) -> (artifact id: '01769a3be2f223429bdd4b2c6db2ffcb') in 0.0611732 seconds
Number of updated asset objects reloaded before import = 0Number of asset objects unloaded after import = 12

========================================================================
Received Import Request.
  Time since last request: 0.000059 seconds.
  path: Assets/TextMesh Pro/Shaders/SDFFunctions.hlsl
  artifactKey: Guid(96de908384869cd409c75efa351d5edf) Importer(2089858483,192608db42251d675da83286b1cce702)
Start importing Assets/TextMesh Pro/Shaders/SDFFunctions.hlsl using Guid(96de908384869cd409c75efa351d5edf) Importer(2089858483,192608db42251d675da83286b1cce702) (ScriptedImporter) -> (artifact id: 'a3b38d05b1b5d3291c3e113b19ba1ede') in 0.2391696 seconds
Number of updated asset objects reloaded before import = 0Number of asset objects unloaded after import = 1

========================================================================
Received Prepare
Refreshing native plugins compatible for Editor in 10.41 ms, found 5 plugins.
Preloading 0 native plugins for Editor in 0.00 ms.
Unloading 13 Unused Serialized files (Serialized files now loaded: 0)
Unloading 7001 unused Assets / (4.3 MB). Loaded Objects now: 7792.
Memory consumption went from 150.9 MB to 146.6 MB.
Total: 19.406500 ms (FindLiveObjects: 1.536300 ms CreateObjectMapping: 2.020400 ms MarkObjects: 11.098400 ms  DeleteObjects: 4.748800 ms)

Prepare: number of updated asset objects reloaded= 0
========================================================================
Received Import Request.
  Time since last request: 1.870207 seconds.
  path: Assets/Scripts/Muelle.cs
  artifactKey: Guid(ffbdf1debf7db5e46bb22d22421d965f) Importer(815301076,1909f56bfc062723c751e8b465ee728b)
Start importing Assets/Scripts/Muelle.cs using Guid(ffbdf1debf7db5e46bb22d22421d965f) Importer(815301076,1909f56bfc062723c751e8b465ee728b) (PreviewImporter) -> (artifact id: '1e70ab71fa7688142e80b7f94d369e0a') in 0.0015137 seconds
Number of updated asset objects reloaded before import = 0Number of asset objects unloaded after import = 0

========================================================================
Received Import Request.
  Time since last request: 4.140243 seconds.
  path: Assets/UniversalRenderPipelineGlobalSettings.asset
  artifactKey: Guid(93b439a37f63240aca3dd4e01d978a9f) Importer(2089858483,192608db42251d675da83286b1cce702)
Start importing Assets/UniversalRenderPipelineGlobalSettings.asset using Guid(93b439a37f63240aca3dd4e01d978a9f) Importer(2089858483,192608db42251d675da83286b1cce702) (ScriptedImporter) -> (artifact id: 'f11e5c0fe716b516338e5f9fa2f0dfc8') in 0.5999578 seconds
Number of updated asset objects reloaded before import = 0Number of asset objects unloaded after import = 0

========================================================================
Received Import Request.
  Time since last request: 0.000052 seconds.
  path: Assets/Scripts/Bullet/BulletCounter.cs
  artifactKey: Guid(21b62d725b5315e478d07c49320e3cca) Importer(2089858483,192608db42251d675da83286b1cce702)
Start importing Assets/Scripts/Bullet/BulletCounter.cs using Guid(21b62d725b5315e478d07c49320e3cca) Importer(2089858483,192608db42251d675da83286b1cce702) (ScriptedImporter) -> (artifact id: '2987b2ae14938c1df5b133512735e3f4') in 0.0351609 seconds
Number of updated asset objects reloaded before import = 0Number of asset objects unloaded after import = 0

========================================================================
Received Import Request.
  Time since last request: 0.000046 seconds.
  path: Assets/Sprites/EnemyWalking.png
  artifactKey: Guid(5e70e76bba50daa49ac09844a62f227e) Importer(2089858483,192608db42251d675da83286b1cce702)
Start importing Assets/Sprites/EnemyWalking.png using Guid(5e70e76bba50daa49ac09844a62f227e) Importer(2089858483,192608db42251d675da83286b1cce702) (ScriptedImporter) -> (artifact id: '0243fe4611065d163bcb87f0eb3cb94b') in 0.087218 seconds
Number of updated asset objects reloaded before import = 0Number of asset objects unloaded after import = 6

========================================================================
Received Import Request.
  Time since last request: 0.000052 seconds.
  path: Assets/Scripts/Buttons.cs
  artifactKey: Guid(76ccce0f012201c459bd79b5ae71baee) Importer(2089858483,192608db42251d675da83286b1cce702)
Start importing Assets/Scripts/Buttons.cs using Guid(76ccce0f012201c459bd79b5ae71baee) Importer(2089858483,192608db42251d675da83286b1cce702) (ScriptedImporter) -> (artifact id: '4e68b9f22076a81e03d08c69a6191d6d') in 0.0290737 seconds
Number of updated asset objects reloaded before import = 0Number of asset objects unloaded after import = 0

========================================================================
Received Import Request.
  Time since last request: 0.000048 seconds.
  path: Assets/Sprites/Animations/ProfFalling.anim
  artifactKey: Guid(ece5ee75e524eb5478e47b081ecc0e02) Importer(2089858483,192608db42251d675da83286b1cce702)
Start importing Assets/Sprites/Animations/ProfFalling.anim using Guid(ece5ee75e524eb5478e47b081ecc0e02) Importer(2089858483,192608db42251d675da83286b1cce702) (ScriptedImporter) -> (artifact id: '1d2164bc7d6d40d61ca3bd1f4e5bda47') in 0.208264 seconds
Number of updated asset objects reloaded before import = 0Number of asset objects unloaded after import = 1

========================================================================
Received Import Request.
  Time since last request: 0.000046 seconds.
  path: Assets/Controls/Controls.inputactions
  artifactKey: Guid(416627f86a13b024eb1bb7cb67ae35bc) Importer(2089858483,192608db42251d675da83286b1cce702)
Start importing Assets/Controls/Controls.inputactions using Guid(416627f86a13b024eb1bb7cb67ae35bc) Importer(2089858483,192608db42251d675da83286b1cce702) (ScriptedImporter) -> (artifact id: '594b4d4cbec44639a339a1b0ca6f6dfc') in 1.6541079 seconds
Number of updated asset objects reloaded before import = 0Number of asset objects unloaded after import = 6

========================================================================
Received Import Request.
  Time since last request: 0.000088 seconds.
  path: Assets/Prefabs/Enemy.prefab
  artifactKey: Guid(da7d9281367124b4ca7789a0b9fba96c) Importer(2089858483,192608db42251d675da83286b1cce702)
Start importing Assets/Prefabs/Enemy.prefab using Guid(da7d9281367124b4ca7789a0b9fba96c) Importer(2089858483,192608db42251d675da83286b1cce702) (ScriptedImporter) -> (artifact id: '423ea90408e6e42172688f39defca22c') in 0.5471268 seconds
Number of updated asset objects reloaded before import = 0Number of asset objects unloaded after import = 14

========================================================================
Received Import Request.
  Time since last request: 0.000048 seconds.
  path: Assets/TextMesh Pro/Shaders/TMP_Bitmap-Mobile.shader
  artifactKey: Guid(1e3b057af24249748ff873be7fafee47) Importer(2089858483,192608db42251d675da83286b1cce702)
Start importing Assets/TextMesh Pro/Shaders/TMP_Bitmap-Mobile.shader using Guid(1e3b057af24249748ff873be7fafee47) Importer(2089858483,192608db42251d675da83286b1cce702) (ScriptedImporter) -> (artifact id: '8ed4ed8c07c1c10a3367c17d4d88f8ff') in 0.1664096 seconds
Number of updated asset objects reloaded before import = 0Number of asset objects unloaded after import = 1

========================================================================
Received Import Request.
  Time since last request: 0.000209 seconds.
  path: Assets/Scripts/Spikes.cs
  artifactKey: Guid(61861b6318ab03448a24a421c2d010b9) Importer(2089858483,192608db42251d675da83286b1cce702)
Start importing Assets/Scripts/Spikes.cs using Guid(61861b6318ab03448a24a421c2d010b9) Importer(2089858483,192608db42251d675da83286b1cce702) (ScriptedImporter) -> (artifact id: '777f64b60d0bf5e73f144ac555b5952f') in 0.08386 seconds
Number of updated asset objects reloaded before import = 0Number of asset objects unloaded after import = 0

========================================================================
Received Import Request.
  Time since last request: 0.000057 seconds.
  path: Assets/TextMesh Pro/Resources/Sprite Assets/EmojiOne.asset
  artifactKey: Guid(c41005c129ba4d66911b75229fd70b45) Importer(2089858483,192608db42251d675da83286b1cce702)
Start importing Assets/TextMesh Pro/Resources/Sprite Assets/EmojiOne.asset using Guid(c41005c129ba4d66911b75229fd70b45) Importer(2089858483,192608db42251d675da83286b1cce702) (ScriptedImporter) -> (artifact id: '50c5c4675dec44282dd4d6b16b4cec9c') in 0.7018556 seconds
Number of updated asset objects reloaded before import = 0Number of asset objects unloaded after import = 3

========================================================================
Received Import Request.
  Time since last request: 0.000075 seconds.
  path: Assets/Scenes/Game.unity
  artifactKey: Guid(8c9cfa26abfee488c85f1582747f6a02) Importer(2089858483,192608db42251d675da83286b1cce702)
Start importing Assets/Scenes/Game.unity using Guid(8c9cfa26abfee488c85f1582747f6a02) Importer(2089858483,192608db42251d675da83286b1cce702) (ScriptedImporter) -> (artifact id: '431cd9ae3d619e76d00056daccbf0b75') in 0.1125269 seconds
Number of updated asset objects reloaded before import = 0Number of asset objects unloaded after import = 1

========================================================================
Received Import Request.
  Time since last request: 0.000200 seconds.
  path: Assets/Settings/Scenes/URP2DSceneTemplate.unity
  artifactKey: Guid(2cda990e2423bbf4892e6590ba056729) Importer(2089858483,192608db42251d675da83286b1cce702)
Start importing Assets/Settings/Scenes/URP2DSceneTemplate.unity using Guid(2cda990e2423bbf4892e6590ba056729) Importer(2089858483,192608db42251d675da83286b1cce702) (ScriptedImporter) -> (artifact id: '40029ea3e0a47b96235f4b05a964b4d6') in 0.0762611 seconds
Number of updated asset objects reloaded before import = 0Number of asset objects unloaded after import = 1

========================================================================
Received Import Request.
  Time since last request: 0.000093 seconds.
  path: Assets/TextMesh Pro/Shaders/TMP_SDF-Mobile-2-Pass.shader
  artifactKey: Guid(0178fcb869bafef4690d177d31d17db8) Importer(2089858483,192608db42251d675da83286b1cce702)
Start importing Assets/TextMesh Pro/Shaders/TMP_SDF-Mobile-2-Pass.shader using Guid(0178fcb869bafef4690d177d31d17db8) Importer(2089858483,192608db42251d675da83286b1cce702) (ScriptedImporter) -> (artifact id: '13c8fb1a4aaea1eddac8d1bbf7782096') in 0.0526859 seconds
Number of updated asset objects reloaded before import = 0Number of asset objects unloaded after import = 1

========================================================================
Received Import Request.
  Time since last request: 0.000095 seconds.
  path: Assets/Scripts/ManageAnimations.cs
  artifactKey: Guid(ab3a5d68c9726c44ab48bebfc2c69dd0) Importer(2089858483,192608db42251d675da83286b1cce702)
Start importing Assets/Scripts/ManageAnimations.cs using Guid(ab3a5d68c9726c44ab48bebfc2c69dd0) Importer(2089858483,192608db42251d675da83286b1cce702) (ScriptedImporter) -> (artifact id: '337dd1105755b06597d996e091445c6e') in 0.0353303 seconds
Number of updated asset objects reloaded before import = 0Number of asset objects unloaded after import = 0

========================================================================
Received Import Request.
  Time since last request: 0.000053 seconds.
  path: Assets/Settings/Lit2DSceneTemplate.scenetemplate
  artifactKey: Guid(d03ed43fc9d8a4f2e9fa70c1c7916eb9) Importer(2089858483,192608db42251d675da83286b1cce702)
Start importing Assets/Settings/Lit2DSceneTemplate.scenetemplate using Guid(d03ed43fc9d8a4f2e9fa70c1c7916eb9) Importer(2089858483,192608db42251d675da83286b1cce702) (ScriptedImporter) -> (artifact id: '4fed680c8f86fb1fe23a3868950f231f') in 0.2509226 seconds
Number of updated asset objects reloaded before import = 0Number of asset objects unloaded after import = 3

========================================================================
Received Import Request.
  Time since last request: 0.000051 seconds.
  path: Assets/Prefabs/Body.controller
  artifactKey: Guid(1495c67e70f361a4eafe4642ff8072c4) Importer(2089858483,192608db42251d675da83286b1cce702)
Start importing Assets/Prefabs/Body.controller using Guid(1495c67e70f361a4eafe4642ff8072c4) Importer(2089858483,192608db42251d675da83286b1cce702) (ScriptedImporter) -> (artifact id: '9c80af8c23c461fcdf35817d2ddf49d5') in 0.0730641 seconds
Number of updated asset objects reloaded before import = 0Number of asset objects unloaded after import = 4

========================================================================
Received Import Request.
  Time since last request: 0.001223 seconds.
  path: Assets/Scripts/Player.cs
  artifactKey: Guid(3f6d4edc236e6a5409a076d783d81fc4) Importer(2089858483,192608db42251d675da83286b1cce702)
Start importing Assets/Scripts/Player.cs using Guid(3f6d4edc236e6a5409a076d783d81fc4) Importer(2089858483,192608db42251d675da83286b1cce702) (ScriptedImporter) -> (artifact id: '5a4bb902db26f94b93805e8083c50fe2') in 0.0286868 seconds
Number of updated asset objects reloaded before import = 0Number of asset objects unloaded after import = 0

========================================================================
Received Import Request.
  Time since last request: 0.000052 seconds.
  path: Assets/Sprites/ProfesoraWalking.png
  artifactKey: Guid(f6272d8e9bc47ca4a8eb33c3181b82ce) Importer(2089858483,192608db42251d675da83286b1cce702)
Start importing Assets/Sprites/ProfesoraWalking.png using Guid(f6272d8e9bc47ca4a8eb33c3181b82ce) Importer(2089858483,192608db42251d675da83286b1cce702) (ScriptedImporter) -> (artifact id: '4e15e00eb05b8baf0a222cf87ea9fddb') in 0.147168 seconds
Number of updated asset objects reloaded before import = 0Number of asset objects unloaded after import = 6

========================================================================
Received Import Request.
  Time since last request: 0.000066 seconds.
  path: Assets/TextMesh Pro/Fonts/LiberationSans - OFL.txt
  artifactKey: Guid(6e59c59b81ab47f9b6ec5781fa725d2c) Importer(2089858483,192608db42251d675da83286b1cce702)
Start importing Assets/TextMesh Pro/Fonts/LiberationSans - OFL.txt using Guid(6e59c59b81ab47f9b6ec5781fa725d2c) Importer(2089858483,192608db42251d675da83286b1cce702) (ScriptedImporter) -> (artifact id: '0b2ecc64d93fe2dc6f2cbb08310cfee5') in 0.076827 seconds
Number of updated asset objects reloaded before import = 0Number of asset objects unloaded after import = 1

========================================================================
Received Import Request.
  Time since last request: 0.000035 seconds.
  path: Assets/TextMesh Pro/Shaders/TMP_SDF-HDRP UNLIT.shadergraph
  artifactKey: Guid(f63d574838ccfb44f84acc05fed0af48) Importer(2089858483,192608db42251d675da83286b1cce702)
Start importing Assets/TextMesh Pro/Shaders/TMP_SDF-HDRP UNLIT.shadergraph using Guid(f63d574838ccfb44f84acc05fed0af48) Importer(2089858483,192608db42251d675da83286b1cce702) (ScriptedImporter) -> (artifact id: '54475d6bb18fca90105ee6e3419f8807') in 0.0582695 seconds
Number of updated asset objects reloaded before import = 0Number of asset objects unloaded after import = 3

========================================================================
Received Import Request.
  Time since last request: 0.000064 seconds.
  path: Assets/TextMesh Pro/Shaders/TMP_SDF-Surface.shader
  artifactKey: Guid(f7ada0af4f174f0694ca6a487b8f543d) Importer(2089858483,192608db42251d675da83286b1cce702)
Start importing Assets/TextMesh Pro/Shaders/TMP_SDF-Surface.shader using Guid(f7ada0af4f174f0694ca6a487b8f543d) Importer(2089858483,192608db42251d675da83286b1cce702) (ScriptedImporter) -> (artifact id: '8992482738b950219b9ccb85ed21a2ba') in 0.0435385 seconds
Number of updated asset objects reloaded before import = 0Number of asset objects unloaded after import = 1

========================================================================
Received Import Request.
  Time since last request: 0.000040 seconds.
  path: Assets/TextMesh Pro/Shaders/TMP_SDF-Surface-Mobile.shader
  artifactKey: Guid(85187c2149c549c5b33f0cdb02836b17) Importer(2089858483,192608db42251d675da83286b1cce702)
Start importing Assets/TextMesh Pro/Shaders/TMP_SDF-Surface-Mobile.shader using Guid(85187c2149c549c5b33f0cdb02836b17) Importer(2089858483,192608db42251d675da83286b1cce702) (ScriptedImporter) -> (artifact id: 'f06f6d8c663fb918401fb03dc68f5335') in 0.0470041 seconds
Number of updated asset objects reloaded before import = 0Number of asset objects unloaded after import = 1

========================================================================
Received Import Request.
  Time since last request: 0.000048 seconds.
  path: Assets/Scripts/Bullet/BulletBehaviour.cs
  artifactKey: Guid(114c9a1bd95b01a4ca3eb80bb82407b5) Importer(2089858483,192608db42251d675da83286b1cce702)
Start importing Assets/Scripts/Bullet/BulletBehaviour.cs using Guid(114c9a1bd95b01a4ca3eb80bb82407b5) Importer(2089858483,192608db42251d675da83286b1cce702) (ScriptedImporter) -> (artifact id: '63ec782f1b579c5f1c7dd22968a292d8') in 0.0281802 seconds
Number of updated asset objects reloaded before import = 0Number of asset objects unloaded after import = 0

========================================================================
Received Import Request.
  Time since last request: 0.000165 seconds.
  path: Assets/TextMesh Pro/Shaders/TMPro_Surface.cginc
  artifactKey: Guid(d930090c0cd643c7b55f19a38538c162) Importer(2089858483,192608db42251d675da83286b1cce702)
Start importing Assets/TextMesh Pro/Shaders/TMPro_Surface.cginc using Guid(d930090c0cd643c7b55f19a38538c162) Importer(2089858483,192608db42251d675da83286b1cce702) (ScriptedImporter) -> (artifact id: 'cbdb0eac00c990d34a556e67d36ac141') in 0.0296885 seconds
Number of updated asset objects reloaded before import = 0Number of asset objects unloaded after import = 1

========================================================================
Received Prepare
Begin MonoManager ReloadAssembly
[Licensing::Client] Successfully resolved entitlement details
[Licensing::Module] License group:
  Id: F4-ZGAK-QVW2-M3YN-TDZ6-XXXX
  Product: Unity Personal
  Type: ULF
  Expiration: Unlimited
[Licensing::Module] License group:
  Id: 1375250263887-UnityPersXXXX
  Product: Unity Personal
  Type: Assigned
  Expiration: Unlimited
- Loaded All Assemblies, in  4.627 seconds
Refreshing native plugins compatible for Editor in 18.87 ms, found 5 plugins.
Native extension for WindowsStandalone target not found
[Package Manager] Failed to launch server process. Reason: Unity was launched with the -noUpm command-line argument
[Package Manager] Unable to send message (not connected to server process).
[Package Manager] Cannot connect to Unity Package Manager local server
[Package Manager] Failed to launch server process. Reason: Unity was launched with the -noUpm command-line argument
[Package Manager] Unable to send message (not connected to server process).
[Package Manager] Cannot connect to Unity Package Manager local server
Mono: successfully reloaded assembly
- Finished resetting the current domain, in  8.396 seconds
Domain Reload Profiling: 13093ms
	BeginReloadAssembly (872ms)
		ExecutionOrderSort (0ms)
		DisableScriptedObjects (44ms)
		BackupInstance (0ms)
		ReleaseScriptingObjects (0ms)
		CreateAndSetChildDomain (185ms)
	RebuildCommonClasses (189ms)
	RebuildNativeTypeToScriptingClass (37ms)
	initialDomainReloadingComplete (104ms)
	LoadAllAssembliesAndSetupDomain (3494ms)
		LoadAssemblies (2143ms)
		RebuildTransferFunctionScriptingTraits (0ms)
		AnalyzeDomain (1626ms)
			TypeCache.Refresh (54ms)
				TypeCache.ScanAssembly (2ms)
			BuildScriptInfoCaches (1394ms)
			ResolveRequiredComponents (165ms)
	FinalizeReload (8397ms)
		ReleaseScriptCaches (0ms)
		RebuildScriptCaches (0ms)
		SetupLoadedEditorAssemblies (7231ms)
			LogAssemblyErrors (0ms)
			InitializePlatformSupportModulesInManaged (6ms)
			SetLoadedEditorAssemblies (70ms)
			BeforeProcessingInitializeOnLoad (1507ms)
			ProcessInitializeOnLoadAttributes (5032ms)
			ProcessInitializeOnLoadMethodAttributes (590ms)
			AfterProcessingInitializeOnLoad (26ms)
			EditorAssembliesLoaded (1ms)
		ExecutionOrderSort2 (0ms)
		AwakeInstancesAfterBackupRestoration (167ms)
Refreshing native plugins compatible for Editor in 92.72 ms, found 5 plugins.
Preloading 0 native plugins for Editor in 0.00 ms.
Unloading 13 Unused Serialized files (Serialized files now loaded: 0)
Unloading 7016 unused Assets / (3.4 MB). Loaded Objects now: 7795.
Memory consumption went from 150.3 MB to 146.9 MB.
Total: 32.676100 ms (FindLiveObjects: 1.889300 ms CreateObjectMapping: 2.875000 ms MarkObjects: 18.949700 ms  DeleteObjects: 8.959700 ms)

Prepare: number of updated asset objects reloaded= 0
========================================================================
Received Prepare
Refreshing native plugins compatible for Editor in 13.51 ms, found 5 plugins.
Preloading 0 native plugins for Editor in 0.00 ms.
Unloading 13 Unused Serialized files (Serialized files now loaded: 0)
Unloading 7000 unused Assets / (4.8 MB). Loaded Objects now: 7795.
Memory consumption went from 150.4 MB to 145.6 MB.
Total: 24.893100 ms (FindLiveObjects: 1.464000 ms CreateObjectMapping: 2.881700 ms MarkObjects: 13.278300 ms  DeleteObjects: 7.266000 ms)

Prepare: number of updated asset objects reloaded= 0
========================================================================
Received Import Request.
  Time since last request: 310.120290 seconds.
  path: Assets/Scripts/Muelle.cs
  artifactKey: Guid(ffbdf1debf7db5e46bb22d22421d965f) Importer(815301076,1909f56bfc062723c751e8b465ee728b)
Start importing Assets/Scripts/Muelle.cs using Guid(ffbdf1debf7db5e46bb22d22421d965f) Importer(815301076,1909f56bfc062723c751e8b465ee728b) (PreviewImporter) -> (artifact id: 'cce97161ca1049876b50a5cb3b0eecb7') in 0.0046138 seconds
Number of updated asset objects reloaded before import = 0Number of asset objects unloaded after import = 0

========================================================================
Received Prepare
Refreshing native plugins compatible for Editor in 20.23 ms, found 5 plugins.
Preloading 0 native plugins for Editor in 0.00 ms.
Unloading 13 Unused Serialized files (Serialized files now loaded: 0)
Unloading 7000 unused Assets / (4.5 MB). Loaded Objects now: 7795.
Memory consumption went from 150.4 MB to 145.9 MB.
Total: 27.422300 ms (FindLiveObjects: 1.307500 ms CreateObjectMapping: 2.629300 ms MarkObjects: 16.372000 ms  DeleteObjects: 7.110700 ms)

Prepare: number of updated asset objects reloaded= 0
========================================================================
Received Prepare
Begin MonoManager ReloadAssembly
[Licensing::Client] Successfully resolved entitlement details
[Licensing::Module] License group:
  Id: F4-ZGAK-QVW2-M3YN-TDZ6-XXXX
  Product: Unity Personal
  Type: ULF
  Expiration: Unlimited
[Licensing::Module] License group:
  Id: 1375250263887-UnityPersXXXX
  Product: Unity Personal
  Type: Assigned
  Expiration: Unlimited
- Loaded All Assemblies, in  3.662 seconds
Refreshing native plugins compatible for Editor in 14.99 ms, found 5 plugins.
Native extension for WindowsStandalone target not found
[Package Manager] Failed to launch server process. Reason: Unity was launched with the -noUpm command-line argument
[Package Manager] Unable to send message (not connected to server process).
[Package Manager] Cannot connect to Unity Package Manager local server
[Package Manager] Failed to launch server process. Reason: Unity was launched with the -noUpm command-line argument
[Package Manager] Unable to send message (not connected to server process).
[Package Manager] Cannot connect to Unity Package Manager local server
Mono: successfully reloaded assembly
- Finished resetting the current domain, in  1.999 seconds
Domain Reload Profiling: 5656ms
	BeginReloadAssembly (1413ms)
		ExecutionOrderSort (0ms)
		DisableScriptedObjects (64ms)
		BackupInstance (0ms)
		ReleaseScriptingObjects (0ms)
		CreateAndSetChildDomain (226ms)
	RebuildCommonClasses (118ms)
	RebuildNativeTypeToScriptingClass (34ms)
	initialDomainReloadingComplete (115ms)
	LoadAllAssembliesAndSetupDomain (1976ms)
		LoadAssemblies (1847ms)
		RebuildTransferFunctionScriptingTraits (0ms)
		AnalyzeDomain (899ms)
			TypeCache.Refresh (30ms)
				TypeCache.ScanAssembly (3ms)
			BuildScriptInfoCaches (822ms)
			ResolveRequiredComponents (33ms)
	FinalizeReload (2000ms)
		ReleaseScriptCaches (0ms)
		RebuildScriptCaches (0ms)
		SetupLoadedEditorAssemblies (1542ms)
			LogAssemblyErrors (0ms)
			InitializePlatformSupportModulesInManaged (9ms)
			SetLoadedEditorAssemblies (15ms)
			BeforeProcessingInitializeOnLoad (684ms)
			ProcessInitializeOnLoadAttributes (699ms)
			ProcessInitializeOnLoadMethodAttributes (119ms)
			AfterProcessingInitializeOnLoad (15ms)
			EditorAssembliesLoaded (0ms)
		ExecutionOrderSort2 (0ms)
		AwakeInstancesAfterBackupRestoration (26ms)
Refreshing native plugins compatible for Editor in 9.31 ms, found 5 plugins.
Preloading 0 native plugins for Editor in 0.00 ms.
Unloading 13 Unused Serialized files (Serialized files now loaded: 0)
Unloading 7015 unused Assets / (4.5 MB). Loaded Objects now: 7798.
Memory consumption went from 150.3 MB to 145.8 MB.
Total: 17.165900 ms (FindLiveObjects: 1.203900 ms CreateObjectMapping: 1.366700 ms MarkObjects: 8.195300 ms  DeleteObjects: 6.398000 ms)

Prepare: number of updated asset objects reloaded= 0
========================================================================
Received Import Request.
  Time since last request: 100.299753 seconds.
  path: Assets/Scripts/Muelle.cs
  artifactKey: Guid(ffbdf1debf7db5e46bb22d22421d965f) Importer(815301076,1909f56bfc062723c751e8b465ee728b)
Start importing Assets/Scripts/Muelle.cs using Guid(ffbdf1debf7db5e46bb22d22421d965f) Importer(815301076,1909f56bfc062723c751e8b465ee728b) (PreviewImporter) -> (artifact id: '4c6258b71e761d5a8e0a3aae430e088e') in 0.0034376 seconds
Number of updated asset objects reloaded before import = 0Number of asset objects unloaded after import = 0

========================================================================
Received Prepare
Begin MonoManager ReloadAssembly
- Loaded All Assemblies, in  1.923 seconds
Refreshing native plugins compatible for Editor in 15.81 ms, found 5 plugins.
Native extension for WindowsStandalone target not found
[Package Manager] Failed to launch server process. Reason: Unity was launched with the -noUpm command-line argument
[Package Manager] Unable to send message (not connected to server process).
[Package Manager] Cannot connect to Unity Package Manager local server
[Package Manager] Failed to launch server process. Reason: Unity was launched with the -noUpm command-line argument
[Package Manager] Unable to send message (not connected to server process).
[Package Manager] Cannot connect to Unity Package Manager local server
Mono: successfully reloaded assembly
- Finished resetting the current domain, in  1.449 seconds
Domain Reload Profiling: 3366ms
	BeginReloadAssembly (456ms)
		ExecutionOrderSort (0ms)
		DisableScriptedObjects (37ms)
		BackupInstance (0ms)
		ReleaseScriptingObjects (0ms)
		CreateAndSetChildDomain (101ms)
	RebuildCommonClasses (84ms)
	RebuildNativeTypeToScriptingClass (23ms)
	initialDomainReloadingComplete (71ms)
	LoadAllAssembliesAndSetupDomain (1282ms)
		LoadAssemblies (999ms)
		RebuildTransferFunctionScriptingTraits (0ms)
		AnalyzeDomain (490ms)
			TypeCache.Refresh (17ms)
				TypeCache.ScanAssembly (1ms)
			BuildScriptInfoCaches (442ms)
			ResolveRequiredComponents (22ms)
	FinalizeReload (1450ms)
		ReleaseScriptCaches (0ms)
		RebuildScriptCaches (0ms)
		SetupLoadedEditorAssemblies (1144ms)
			LogAssemblyErrors (0ms)
			InitializePlatformSupportModulesInManaged (5ms)
			SetLoadedEditorAssemblies (11ms)
			BeforeProcessingInitializeOnLoad (310ms)
			ProcessInitializeOnLoadAttributes (679ms)
			ProcessInitializeOnLoadMethodAttributes (122ms)
			AfterProcessingInitializeOnLoad (17ms)
			EditorAssembliesLoaded (0ms)
		ExecutionOrderSort2 (0ms)
		AwakeInstancesAfterBackupRestoration (30ms)
Refreshing native plugins compatible for Editor in 9.42 ms, found 5 plugins.
Preloading 0 native plugins for Editor in 0.00 ms.
Unloading 13 Unused Serialized files (Serialized files now loaded: 0)
Unloading 7015 unused Assets / (4.7 MB). Loaded Objects now: 7801.
Memory consumption went from 150.3 MB to 145.6 MB.
Total: 19.047600 ms (FindLiveObjects: 1.414700 ms CreateObjectMapping: 1.397800 ms MarkObjects: 10.539200 ms  DeleteObjects: 5.693500 ms)

Prepare: number of updated asset objects reloaded= 0
========================================================================
Received Prepare
Begin MonoManager ReloadAssembly
[Licensing::Client] Successfully resolved entitlement details
[Licensing::Module] License group:
  Id: F4-ZGAK-QVW2-M3YN-TDZ6-XXXX
  Product: Unity Personal
  Type: ULF
  Expiration: Unlimited
[Licensing::Module] License group:
  Id: 1375250263887-UnityPersXXXX
  Product: Unity Personal
  Type: Assigned
  Expiration: Unlimited
- Loaded All Assemblies, in  2.076 seconds
Refreshing native plugins compatible for Editor in 8.68 ms, found 5 plugins.
Native extension for WindowsStandalone target not found
[Package Manager] Failed to launch server process. Reason: Unity was launched with the -noUpm command-line argument
[Package Manager] Unable to send message (not connected to server process).
[Package Manager] Cannot connect to Unity Package Manager local server
[Package Manager] Failed to launch server process. Reason: Unity was launched with the -noUpm command-line argument
[Package Manager] Unable to send message (not connected to server process).
[Package Manager] Cannot connect to Unity Package Manager local server
Mono: successfully reloaded assembly
- Finished resetting the current domain, in  2.669 seconds
Domain Reload Profiling: 4732ms
	BeginReloadAssembly (512ms)
		ExecutionOrderSort (0ms)
		DisableScriptedObjects (39ms)
		BackupInstance (0ms)
		ReleaseScriptingObjects (0ms)
		CreateAndSetChildDomain (99ms)
	RebuildCommonClasses (78ms)
	RebuildNativeTypeToScriptingClass (32ms)
	initialDomainReloadingComplete (74ms)
	LoadAllAssembliesAndSetupDomain (1365ms)
		LoadAssemblies (1008ms)
		RebuildTransferFunctionScriptingTraits (0ms)
		AnalyzeDomain (609ms)
			TypeCache.Refresh (14ms)
				TypeCache.ScanAssembly (0ms)
			BuildScriptInfoCaches (556ms)
			ResolveRequiredComponents (28ms)
	FinalizeReload (2670ms)
		ReleaseScriptCaches (0ms)
		RebuildScriptCaches (0ms)
		SetupLoadedEditorAssemblies (2191ms)
			LogAssemblyErrors (0ms)
			InitializePlatformSupportModulesInManaged (6ms)
			SetLoadedEditorAssemblies (12ms)
			BeforeProcessingInitializeOnLoad (489ms)
			ProcessInitializeOnLoadAttributes (1251ms)
			ProcessInitializeOnLoadMethodAttributes (406ms)
			AfterProcessingInitializeOnLoad (26ms)
			EditorAssembliesLoaded (1ms)
		ExecutionOrderSort2 (0ms)
		AwakeInstancesAfterBackupRestoration (47ms)
Refreshing native plugins compatible for Editor in 11.58 ms, found 5 plugins.
Preloading 0 native plugins for Editor in 0.00 ms.
Unloading 13 Unused Serialized files (Serialized files now loaded: 0)
Unloading 7015 unused Assets / (4.6 MB). Loaded Objects now: 7804.
Memory consumption went from 150.4 MB to 145.8 MB.
Total: 21.008400 ms (FindLiveObjects: 1.251700 ms CreateObjectMapping: 1.890600 ms MarkObjects: 10.996000 ms  DeleteObjects: 6.868200 ms)

Prepare: number of updated asset objects reloaded= 0
========================================================================
Received Prepare
Begin MonoManager ReloadAssembly
- Loaded All Assemblies, in  1.965 seconds
Refreshing native plugins compatible for Editor in 11.09 ms, found 5 plugins.
Native extension for WindowsStandalone target not found
[Package Manager] Failed to launch server process. Reason: Unity was launched with the -noUpm command-line argument
[Package Manager] Unable to send message (not connected to server process).
[Package Manager] Cannot connect to Unity Package Manager local server
[Package Manager] Failed to launch server process. Reason: Unity was launched with the -noUpm command-line argument
[Package Manager] Unable to send message (not connected to server process).
[Package Manager] Cannot connect to Unity Package Manager local server
Mono: successfully reloaded assembly
- Finished resetting the current domain, in  1.980 seconds
Domain Reload Profiling: 3941ms
	BeginReloadAssembly (492ms)
		ExecutionOrderSort (0ms)
		DisableScriptedObjects (32ms)
		BackupInstance (0ms)
		ReleaseScriptingObjects (0ms)
		CreateAndSetChildDomain (97ms)
	RebuildCommonClasses (79ms)
	RebuildNativeTypeToScriptingClass (28ms)
	initialDomainReloadingComplete (71ms)
	LoadAllAssembliesAndSetupDomain (1290ms)
		LoadAssemblies (958ms)
		RebuildTransferFunctionScriptingTraits (0ms)
		AnalyzeDomain (574ms)
			TypeCache.Refresh (12ms)
				TypeCache.ScanAssembly (0ms)
			BuildScriptInfoCaches (519ms)
			ResolveRequiredComponents (30ms)
	FinalizeReload (1981ms)
		ReleaseScriptCaches (0ms)
		RebuildScriptCaches (0ms)
		SetupLoadedEditorAssemblies (1612ms)
			LogAssemblyErrors (0ms)
			InitializePlatformSupportModulesInManaged (4ms)
			SetLoadedEditorAssemblies (11ms)
			BeforeProcessingInitializeOnLoad (378ms)
			ProcessInitializeOnLoadAttributes (958ms)
			ProcessInitializeOnLoadMethodAttributes (236ms)
			AfterProcessingInitializeOnLoad (24ms)
			EditorAssembliesLoaded (1ms)
		ExecutionOrderSort2 (0ms)
		AwakeInstancesAfterBackupRestoration (43ms)
Refreshing native plugins compatible for Editor in 12.71 ms, found 5 plugins.
Preloading 0 native plugins for Editor in 0.00 ms.
Unloading 13 Unused Serialized files (Serialized files now loaded: 0)
Unloading 7015 unused Assets / (4.4 MB). Loaded Objects now: 7807.
Memory consumption went from 150.4 MB to 146.0 MB.
Total: 22.101200 ms (FindLiveObjects: 1.530800 ms CreateObjectMapping: 2.503500 ms MarkObjects: 11.687900 ms  DeleteObjects: 6.377000 ms)

Prepare: number of updated asset objects reloaded= 0
========================================================================
Received Prepare
Begin MonoManager ReloadAssembly
[Licensing::Client] Successfully resolved entitlement details
[Licensing::Module] License group:
  Id: F4-ZGAK-QVW2-M3YN-TDZ6-XXXX
  Product: Unity Personal
  Type: ULF
  Expiration: Unlimited
[Licensing::Module] License group:
  Id: 1375250263887-UnityPersXXXX
  Product: Unity Personal
  Type: Assigned
  Expiration: Unlimited
- Loaded All Assemblies, in  1.788 seconds
Refreshing native plugins compatible for Editor in 13.19 ms, found 5 plugins.
Native extension for WindowsStandalone target not found
[Package Manager] Failed to launch server process. Reason: Unity was launched with the -noUpm command-line argument
[Package Manager] Unable to send message (not connected to server process).
[Package Manager] Cannot connect to Unity Package Manager local server
[Package Manager] Failed to launch server process. Reason: Unity was launched with the -noUpm command-line argument
[Package Manager] Unable to send message (not connected to server process).
[Package Manager] Cannot connect to Unity Package Manager local server
Mono: successfully reloaded assembly
- Finished resetting the current domain, in  2.341 seconds
Domain Reload Profiling: 4123ms
	BeginReloadAssembly (468ms)
		ExecutionOrderSort (0ms)
		DisableScriptedObjects (31ms)
		BackupInstance (0ms)
		ReleaseScriptingObjects (0ms)
		CreateAndSetChildDomain (98ms)
	RebuildCommonClasses (80ms)
	RebuildNativeTypeToScriptingClass (22ms)
	initialDomainReloadingComplete (78ms)
	LoadAllAssembliesAndSetupDomain (1131ms)
		LoadAssemblies (878ms)
		RebuildTransferFunctionScriptingTraits (0ms)
		AnalyzeDomain (465ms)
			TypeCache.Refresh (10ms)
				TypeCache.ScanAssembly (0ms)
			BuildScriptInfoCaches (424ms)
			ResolveRequiredComponents (22ms)
	FinalizeReload (2343ms)
		ReleaseScriptCaches (0ms)
		RebuildScriptCaches (0ms)
		SetupLoadedEditorAssemblies (1963ms)
			LogAssemblyErrors (0ms)
			InitializePlatformSupportModulesInManaged (7ms)
			SetLoadedEditorAssemblies (14ms)
			BeforeProcessingInitializeOnLoad (625ms)
			ProcessInitializeOnLoadAttributes (1044ms)
			ProcessInitializeOnLoadMethodAttributes (252ms)
			AfterProcessingInitializeOnLoad (20ms)
			EditorAssembliesLoaded (1ms)
		ExecutionOrderSort2 (0ms)
		AwakeInstancesAfterBackupRestoration (37ms)
Refreshing native plugins compatible for Editor in 30.10 ms, found 5 plugins.
Preloading 0 native plugins for Editor in 0.00 ms.
Unloading 13 Unused Serialized files (Serialized files now loaded: 0)
Unloading 7015 unused Assets / (4.5 MB). Loaded Objects now: 7810.
Memory consumption went from 150.5 MB to 146.0 MB.
Total: 58.029700 ms (FindLiveObjects: 7.159900 ms CreateObjectMapping: 8.496700 ms MarkObjects: 35.813500 ms  DeleteObjects: 6.554100 ms)

Prepare: number of updated asset objects reloaded= 0
========================================================================
Received Prepare
Begin MonoManager ReloadAssembly
[Licensing::Client] Successfully resolved entitlement details
[Licensing::Module] License group:
  Id: F4-ZGAK-QVW2-M3YN-TDZ6-XXXX
  Product: Unity Personal
  Type: ULF
  Expiration: Unlimited
[Licensing::Module] License group:
  Id: 1375250263887-UnityPersXXXX
  Product: Unity Personal
  Type: Assigned
  Expiration: Unlimited
- Loaded All Assemblies, in  1.864 seconds
Refreshing native plugins compatible for Editor in 9.72 ms, found 5 plugins.
Native extension for WindowsStandalone target not found
[Package Manager] Failed to launch server process. Reason: Unity was launched with the -noUpm command-line argument
[Package Manager] Unable to send message (not connected to server process).
[Package Manager] Cannot connect to Unity Package Manager local server
[Package Manager] Failed to launch server process. Reason: Unity was launched with the -noUpm command-line argument
[Package Manager] Unable to send message (not connected to server process).
[Package Manager] Cannot connect to Unity Package Manager local server
Mono: successfully reloaded assembly
- Finished resetting the current domain, in  1.704 seconds
Domain Reload Profiling: 3563ms
	BeginReloadAssembly (573ms)
		ExecutionOrderSort (0ms)
		DisableScriptedObjects (66ms)
		BackupInstance (0ms)
		ReleaseScriptingObjects (1ms)
		CreateAndSetChildDomain (126ms)
	RebuildCommonClasses (78ms)
	RebuildNativeTypeToScriptingClass (24ms)
	initialDomainReloadingComplete (79ms)
	LoadAllAssembliesAndSetupDomain (1104ms)
		LoadAssemblies (879ms)
		RebuildTransferFunctionScriptingTraits (0ms)
		AnalyzeDomain (452ms)
			TypeCache.Refresh (18ms)
				TypeCache.ScanAssembly (1ms)
			BuildScriptInfoCaches (407ms)
			ResolveRequiredComponents (19ms)
	FinalizeReload (1705ms)
		ReleaseScriptCaches (0ms)
		RebuildScriptCaches (0ms)
		SetupLoadedEditorAssemblies (1360ms)
			LogAssemblyErrors (0ms)
			InitializePlatformSupportModulesInManaged (5ms)
			SetLoadedEditorAssemblies (13ms)
			BeforeProcessingInitializeOnLoad (379ms)
			ProcessInitializeOnLoadAttributes (800ms)
			ProcessInitializeOnLoadMethodAttributes (147ms)
			AfterProcessingInitializeOnLoad (16ms)
			EditorAssembliesLoaded (1ms)
		ExecutionOrderSort2 (0ms)
		AwakeInstancesAfterBackupRestoration (34ms)
Refreshing native plugins compatible for Editor in 8.96 ms, found 5 plugins.
Preloading 0 native plugins for Editor in 0.00 ms.
Unloading 13 Unused Serialized files (Serialized files now loaded: 0)
Unloading 7015 unused Assets / (3.9 MB). Loaded Objects now: 7813.
Memory consumption went from 150.5 MB to 146.6 MB.
Total: 14.542600 ms (FindLiveObjects: 1.217500 ms CreateObjectMapping: 1.480500 ms MarkObjects: 8.142700 ms  DeleteObjects: 3.700100 ms)

Prepare: number of updated asset objects reloaded= 0
========================================================================
Received Prepare
Begin MonoManager ReloadAssembly
- Loaded All Assemblies, in  1.856 seconds
Refreshing native plugins compatible for Editor in 9.44 ms, found 5 plugins.
Native extension for WindowsStandalone target not found
[Package Manager] Failed to launch server process. Reason: Unity was launched with the -noUpm command-line argument
[Package Manager] Unable to send message (not connected to server process).
[Package Manager] Cannot connect to Unity Package Manager local server
[Package Manager] Failed to launch server process. Reason: Unity was launched with the -noUpm command-line argument
[Package Manager] Unable to send message (not connected to server process).
[Package Manager] Cannot connect to Unity Package Manager local server
Mono: successfully reloaded assembly
- Finished resetting the current domain, in  1.757 seconds
Domain Reload Profiling: 3598ms
	BeginReloadAssembly (430ms)
		ExecutionOrderSort (0ms)
		DisableScriptedObjects (28ms)
		BackupInstance (0ms)
		ReleaseScriptingObjects (0ms)
		CreateAndSetChildDomain (91ms)
	RebuildCommonClasses (81ms)
	RebuildNativeTypeToScriptingClass (23ms)
	initialDomainReloadingComplete (70ms)
	LoadAllAssembliesAndSetupDomain (1236ms)
		LoadAssemblies (955ms)
		RebuildTransferFunctionScriptingTraits (0ms)
		AnalyzeDomain (483ms)
			TypeCache.Refresh (10ms)
				TypeCache.ScanAssembly (0ms)
			BuildScriptInfoCaches (441ms)
			ResolveRequiredComponents (23ms)
	FinalizeReload (1757ms)
		ReleaseScriptCaches (0ms)
		RebuildScriptCaches (0ms)
		SetupLoadedEditorAssemblies (1396ms)
			LogAssemblyErrors (0ms)
			InitializePlatformSupportModulesInManaged (6ms)
			SetLoadedEditorAssemblies (12ms)
			BeforeProcessingInitializeOnLoad (354ms)
			ProcessInitializeOnLoadAttributes (840ms)
			ProcessInitializeOnLoadMethodAttributes (159ms)
			AfterProcessingInitializeOnLoad (25ms)
			EditorAssembliesLoaded (1ms)
		ExecutionOrderSort2 (0ms)
		AwakeInstancesAfterBackupRestoration (39ms)
Refreshing native plugins compatible for Editor in 12.94 ms, found 5 plugins.
Preloading 0 native plugins for Editor in 0.00 ms.
Unloading 13 Unused Serialized files (Serialized files now loaded: 0)
Unloading 7015 unused Assets / (4.9 MB). Loaded Objects now: 7816.
Memory consumption went from 150.5 MB to 145.6 MB.
Total: 21.220200 ms (FindLiveObjects: 1.330500 ms CreateObjectMapping: 2.072900 ms MarkObjects: 10.973000 ms  DeleteObjects: 6.840900 ms)

Prepare: number of updated asset objects reloaded= 0
========================================================================
Received Prepare
Refreshing native plugins compatible for Editor in 11.78 ms, found 5 plugins.
Preloading 0 native plugins for Editor in 0.00 ms.
Unloading 13 Unused Serialized files (Serialized files now loaded: 0)
Unloading 7000 unused Assets / (4.7 MB). Loaded Objects now: 7816.
Memory consumption went from 150.6 MB to 145.9 MB.
Total: 21.527700 ms (FindLiveObjects: 1.355500 ms CreateObjectMapping: 2.578000 ms MarkObjects: 10.383900 ms  DeleteObjects: 7.208500 ms)

Prepare: number of updated asset objects reloaded= 0
========================================================================
Received Prepare
Refreshing native plugins compatible for Editor in 11.38 ms, found 5 plugins.
Preloading 0 native plugins for Editor in 0.00 ms.
Unloading 13 Unused Serialized files (Serialized files now loaded: 0)
Unloading 7000 unused Assets / (4.9 MB). Loaded Objects now: 7816.
Memory consumption went from 150.6 MB to 145.8 MB.
Total: 21.071000 ms (FindLiveObjects: 1.307600 ms CreateObjectMapping: 2.112000 ms MarkObjects: 11.222100 ms  DeleteObjects: 6.426800 ms)

Prepare: number of updated asset objects reloaded= 0
========================================================================
Received Prepare
Refreshing native plugins compatible for Editor in 12.03 ms, found 5 plugins.
Preloading 0 native plugins for Editor in 0.00 ms.
Unloading 13 Unused Serialized files (Serialized files now loaded: 0)
Unloading 7000 unused Assets / (4.6 MB). Loaded Objects now: 7816.
Memory consumption went from 150.6 MB to 146.1 MB.
Total: 20.987700 ms (FindLiveObjects: 1.311000 ms CreateObjectMapping: 2.287600 ms MarkObjects: 11.271600 ms  DeleteObjects: 6.115400 ms)

Prepare: number of updated asset objects reloaded= 0
========================================================================
Received Prepare
Begin MonoManager ReloadAssembly
[Licensing::Client] Successfully resolved entitlement details
[Licensing::Module] License group:
  Id: F4-ZGAK-QVW2-M3YN-TDZ6-XXXX
  Product: Unity Personal
  Type: ULF
  Expiration: Unlimited
[Licensing::Module] License group:
  Id: 1375250263887-UnityPersXXXX
  Product: Unity Personal
  Type: Assigned
  Expiration: Unlimited
- Loaded All Assemblies, in  1.754 seconds
Refreshing native plugins compatible for Editor in 9.09 ms, found 5 plugins.
Native extension for WindowsStandalone target not found
[Package Manager] Failed to launch server process. Reason: Unity was launched with the -noUpm command-line argument
[Package Manager] Unable to send message (not connected to server process).
[Package Manager] Cannot connect to Unity Package Manager local server
[Package Manager] Failed to launch server process. Reason: Unity was launched with the -noUpm command-line argument
[Package Manager] Unable to send message (not connected to server process).
[Package Manager] Cannot connect to Unity Package Manager local server
Mono: successfully reloaded assembly
- Finished resetting the current domain, in  1.991 seconds
Domain Reload Profiling: 3739ms
	BeginReloadAssembly (453ms)
		ExecutionOrderSort (0ms)
		DisableScriptedObjects (30ms)
		BackupInstance (0ms)
		ReleaseScriptingObjects (0ms)
		CreateAndSetChildDomain (84ms)
	RebuildCommonClasses (73ms)
	RebuildNativeTypeToScriptingClass (23ms)
	initialDomainReloadingComplete (76ms)
	LoadAllAssembliesAndSetupDomain (1122ms)
		LoadAssemblies (894ms)
		RebuildTransferFunctionScriptingTraits (0ms)
		AnalyzeDomain (442ms)
			TypeCache.Refresh (15ms)
				TypeCache.ScanAssembly (1ms)
			BuildScriptInfoCaches (399ms)
			ResolveRequiredComponents (19ms)
	FinalizeReload (1992ms)
		ReleaseScriptCaches (0ms)
		RebuildScriptCaches (0ms)
		SetupLoadedEditorAssemblies (1583ms)
			LogAssemblyErrors (0ms)
			InitializePlatformSupportModulesInManaged (7ms)
			SetLoadedEditorAssemblies (14ms)
			BeforeProcessingInitializeOnLoad (405ms)
			ProcessInitializeOnLoadAttributes (979ms)
			ProcessInitializeOnLoadMethodAttributes (151ms)
			AfterProcessingInitializeOnLoad (25ms)
			EditorAssembliesLoaded (1ms)
		ExecutionOrderSort2 (0ms)
		AwakeInstancesAfterBackupRestoration (36ms)
Refreshing native plugins compatible for Editor in 11.06 ms, found 5 plugins.
Preloading 0 native plugins for Editor in 0.00 ms.
Unloading 13 Unused Serialized files (Serialized files now loaded: 0)
Unloading 7015 unused Assets / (4.5 MB). Loaded Objects now: 7819.
Memory consumption went from 150.6 MB to 146.1 MB.
Total: 18.423600 ms (FindLiveObjects: 1.200200 ms CreateObjectMapping: 2.430500 ms MarkObjects: 9.274300 ms  DeleteObjects: 5.516600 ms)

Prepare: number of updated asset objects reloaded= 0
========================================================================
Received Prepare
Begin MonoManager ReloadAssembly
- Loaded All Assemblies, in  1.958 seconds
Refreshing native plugins compatible for Editor in 10.83 ms, found 5 plugins.
Native extension for WindowsStandalone target not found
[Package Manager] Failed to launch server process. Reason: Unity was launched with the -noUpm command-line argument
[Package Manager] Unable to send message (not connected to server process).
[Package Manager] Cannot connect to Unity Package Manager local server
[Package Manager] Failed to launch server process. Reason: Unity was launched with the -noUpm command-line argument
[Package Manager] Unable to send message (not connected to server process).
[Package Manager] Cannot connect to Unity Package Manager local server
Mono: successfully reloaded assembly
- Finished resetting the current domain, in  2.469 seconds
Domain Reload Profiling: 4420ms
	BeginReloadAssembly (444ms)
		ExecutionOrderSort (0ms)
		DisableScriptedObjects (35ms)
		BackupInstance (0ms)
		ReleaseScriptingObjects (0ms)
		CreateAndSetChildDomain (106ms)
	RebuildCommonClasses (75ms)
	RebuildNativeTypeToScriptingClass (24ms)
	initialDomainReloadingComplete (73ms)
	LoadAllAssembliesAndSetupDomain (1333ms)
		LoadAssemblies (901ms)
		RebuildTransferFunctionScriptingTraits (0ms)
		AnalyzeDomain (633ms)
			TypeCache.Refresh (11ms)
				TypeCache.ScanAssembly (0ms)
			BuildScriptInfoCaches (583ms)
			ResolveRequiredComponents (28ms)
	FinalizeReload (2470ms)
		ReleaseScriptCaches (0ms)
		RebuildScriptCaches (0ms)
		SetupLoadedEditorAssemblies (2093ms)
			LogAssemblyErrors (0ms)
			InitializePlatformSupportModulesInManaged (5ms)
			SetLoadedEditorAssemblies (13ms)
			BeforeProcessingInitializeOnLoad (642ms)
			ProcessInitializeOnLoadAttributes (1175ms)
			ProcessInitializeOnLoadMethodAttributes (237ms)
			AfterProcessingInitializeOnLoad (21ms)
			EditorAssembliesLoaded (1ms)
		ExecutionOrderSort2 (0ms)
		AwakeInstancesAfterBackupRestoration (42ms)
Refreshing native plugins compatible for Editor in 13.87 ms, found 5 plugins.
Preloading 0 native plugins for Editor in 0.00 ms.
Unloading 13 Unused Serialized files (Serialized files now loaded: 0)
Unloading 7015 unused Assets / (4.8 MB). Loaded Objects now: 7822.
Memory consumption went from 150.6 MB to 145.8 MB.
Total: 24.026900 ms (FindLiveObjects: 1.510700 ms CreateObjectMapping: 1.532000 ms MarkObjects: 12.387800 ms  DeleteObjects: 8.594200 ms)

Prepare: number of updated asset objects reloaded= 0
========================================================================
Received Prepare
Begin MonoManager ReloadAssembly
- Loaded All Assemblies, in  1.894 seconds
Refreshing native plugins compatible for Editor in 9.67 ms, found 5 plugins.
Native extension for WindowsStandalone target not found
[Package Manager] Failed to launch server process. Reason: Unity was launched with the -noUpm command-line argument
[Package Manager] Unable to send message (not connected to server process).
[Package Manager] Cannot connect to Unity Package Manager local server
[Package Manager] Failed to launch server process. Reason: Unity was launched with the -noUpm command-line argument
[Package Manager] Unable to send message (not connected to server process).
[Package Manager] Cannot connect to Unity Package Manager local server
Mono: successfully reloaded assembly
- Finished resetting the current domain, in  1.641 seconds
Domain Reload Profiling: 3531ms
	BeginReloadAssembly (475ms)
		ExecutionOrderSort (0ms)
		DisableScriptedObjects (39ms)
		BackupInstance (0ms)
		ReleaseScriptingObjects (0ms)
		CreateAndSetChildDomain (97ms)
	RebuildCommonClasses (79ms)
	RebuildNativeTypeToScriptingClass (28ms)
	initialDomainReloadingComplete (75ms)
	LoadAllAssembliesAndSetupDomain (1232ms)
		LoadAssemblies (867ms)
		RebuildTransferFunctionScriptingTraits (0ms)
		AnalyzeDomain (567ms)
			TypeCache.Refresh (19ms)
				TypeCache.ScanAssembly (1ms)
			BuildScriptInfoCaches (509ms)
			ResolveRequiredComponents (28ms)
	FinalizeReload (1642ms)
		ReleaseScriptCaches (0ms)
		RebuildScriptCaches (0ms)
		SetupLoadedEditorAssemblies (1320ms)
			LogAssemblyErrors (0ms)
			InitializePlatformSupportModulesInManaged (4ms)
			SetLoadedEditorAssemblies (12ms)
			BeforeProcessingInitializeOnLoad (350ms)
			ProcessInitializeOnLoadAttributes (805ms)
			ProcessInitializeOnLoadMethodAttributes (128ms)
			AfterProcessingInitializeOnLoad (19ms)
			EditorAssembliesLoaded (1ms)
		ExecutionOrderSort2 (0ms)
		AwakeInstancesAfterBackupRestoration (37ms)
Refreshing native plugins compatible for Editor in 9.20 ms, found 5 plugins.
Preloading 0 native plugins for Editor in 0.00 ms.
Unloading 13 Unused Serialized files (Serialized files now loaded: 0)
Unloading 7015 unused Assets / (4.5 MB). Loaded Objects now: 7825.
Memory consumption went from 150.7 MB to 146.2 MB.
Total: 16.303400 ms (FindLiveObjects: 1.183300 ms CreateObjectMapping: 1.911600 ms MarkObjects: 8.966300 ms  DeleteObjects: 4.240000 ms)

Prepare: number of updated asset objects reloaded= 0
========================================================================
Received Prepare
Begin MonoManager ReloadAssembly
- Loaded All Assemblies, in  2.124 seconds
Refreshing native plugins compatible for Editor in 9.88 ms, found 5 plugins.
Native extension for WindowsStandalone target not found
[Package Manager] Failed to launch server process. Reason: Unity was launched with the -noUpm command-line argument
[Package Manager] Unable to send message (not connected to server process).
[Package Manager] Cannot connect to Unity Package Manager local server
[Package Manager] Failed to launch server process. Reason: Unity was launched with the -noUpm command-line argument
[Package Manager] Unable to send message (not connected to server process).
[Package Manager] Cannot connect to Unity Package Manager local server
Mono: successfully reloaded assembly
- Finished resetting the current domain, in  2.411 seconds
Domain Reload Profiling: 4525ms
	BeginReloadAssembly (435ms)
		ExecutionOrderSort (0ms)
		DisableScriptedObjects (29ms)
		BackupInstance (0ms)
		ReleaseScriptingObjects (0ms)
		CreateAndSetChildDomain (84ms)
	RebuildCommonClasses (83ms)
	RebuildNativeTypeToScriptingClass (25ms)
	initialDomainReloadingComplete (75ms)
	LoadAllAssembliesAndSetupDomain (1494ms)
		LoadAssemblies (1081ms)
		RebuildTransferFunctionScriptingTraits (0ms)
		AnalyzeDomain (619ms)
			TypeCache.Refresh (25ms)
				TypeCache.ScanAssembly (0ms)
			BuildScriptInfoCaches (565ms)
			ResolveRequiredComponents (21ms)
	FinalizeReload (2413ms)
		ReleaseScriptCaches (0ms)
		RebuildScriptCaches (0ms)
		SetupLoadedEditorAssemblies (2006ms)
			LogAssemblyErrors (0ms)
			InitializePlatformSupportModulesInManaged (8ms)
			SetLoadedEditorAssemblies (14ms)
			BeforeProcessingInitializeOnLoad (622ms)
			ProcessInitializeOnLoadAttributes (1175ms)
			ProcessInitializeOnLoadMethodAttributes (165ms)
			AfterProcessingInitializeOnLoad (21ms)
			EditorAssembliesLoaded (1ms)
		ExecutionOrderSort2 (0ms)
		AwakeInstancesAfterBackupRestoration (44ms)
Refreshing native plugins compatible for Editor in 12.76 ms, found 5 plugins.
Preloading 0 native plugins for Editor in 0.00 ms.
Unloading 13 Unused Serialized files (Serialized files now loaded: 0)
Unloading 7015 unused Assets / (4.8 MB). Loaded Objects now: 7828.
Memory consumption went from 150.7 MB to 146.0 MB.
Total: 21.985400 ms (FindLiveObjects: 1.392100 ms CreateObjectMapping: 2.646200 ms MarkObjects: 11.430800 ms  DeleteObjects: 6.514100 ms)

Prepare: number of updated asset objects reloaded= 0
========================================================================
Received Prepare
Refreshing native plugins compatible for Editor in 12.31 ms, found 5 plugins.
Preloading 0 native plugins for Editor in 0.00 ms.
Unloading 13 Unused Serialized files (Serialized files now loaded: 0)
Unloading 7000 unused Assets / (5.1 MB). Loaded Objects now: 7828.
Memory consumption went from 150.8 MB to 145.8 MB.
Total: 21.286200 ms (FindLiveObjects: 1.322300 ms CreateObjectMapping: 2.178500 ms MarkObjects: 10.466600 ms  DeleteObjects: 7.316000 ms)

Prepare: number of updated asset objects reloaded= 0
========================================================================
Received Prepare
Begin MonoManager ReloadAssembly
[Licensing::Client] Successfully resolved entitlement details
[Licensing::Module] License group:
  Id: F4-ZGAK-QVW2-M3YN-TDZ6-XXXX
  Product: Unity Personal
  Type: ULF
  Expiration: Unlimited
[Licensing::Module] License group:
  Id: 1375250263887-UnityPersXXXX
  Product: Unity Personal
  Type: Assigned
  Expiration: Unlimited
- Loaded All Assemblies, in  1.944 seconds
Refreshing native plugins compatible for Editor in 13.00 ms, found 5 plugins.
Native extension for WindowsStandalone target not found
[Package Manager] Failed to launch server process. Reason: Unity was launched with the -noUpm command-line argument
[Package Manager] Unable to send message (not connected to server process).
[Package Manager] Cannot connect to Unity Package Manager local server
[Package Manager] Failed to launch server process. Reason: Unity was launched with the -noUpm command-line argument
[Package Manager] Unable to send message (not connected to server process).
[Package Manager] Cannot connect to Unity Package Manager local server
Mono: successfully reloaded assembly
- Finished resetting the current domain, in  2.954 seconds
Domain Reload Profiling: 4892ms
	BeginReloadAssembly (465ms)
		ExecutionOrderSort (0ms)
		DisableScriptedObjects (37ms)
		BackupInstance (0ms)
		ReleaseScriptingObjects (0ms)
		CreateAndSetChildDomain (91ms)
	RebuildCommonClasses (81ms)
	RebuildNativeTypeToScriptingClass (22ms)
	initialDomainReloadingComplete (72ms)
	LoadAllAssembliesAndSetupDomain (1296ms)
		LoadAssemblies (965ms)
		RebuildTransferFunctionScriptingTraits (0ms)
		AnalyzeDomain (545ms)
			TypeCache.Refresh (26ms)
				TypeCache.ScanAssembly (1ms)
			BuildScriptInfoCaches (488ms)
			ResolveRequiredComponents (22ms)
	FinalizeReload (2956ms)
		ReleaseScriptCaches (0ms)
		RebuildScriptCaches (0ms)
		SetupLoadedEditorAssemblies (2419ms)
			LogAssemblyErrors (0ms)
			InitializePlatformSupportModulesInManaged (7ms)
			SetLoadedEditorAssemblies (14ms)
			BeforeProcessingInitializeOnLoad (664ms)
			ProcessInitializeOnLoadAttributes (1348ms)
			ProcessInitializeOnLoadMethodAttributes (332ms)
			AfterProcessingInitializeOnLoad (46ms)
			EditorAssembliesLoaded (8ms)
		ExecutionOrderSort2 (0ms)
		AwakeInstancesAfterBackupRestoration (94ms)
Refreshing native plugins compatible for Editor in 12.74 ms, found 5 plugins.
Preloading 0 native plugins for Editor in 0.00 ms.
Unloading 13 Unused Serialized files (Serialized files now loaded: 0)
Unloading 7015 unused Assets / (3.7 MB). Loaded Objects now: 7831.
Memory consumption went from 150.7 MB to 147.0 MB.
Total: 27.760400 ms (FindLiveObjects: 2.108900 ms CreateObjectMapping: 3.097500 ms MarkObjects: 14.133200 ms  DeleteObjects: 8.418300 ms)

Prepare: number of updated asset objects reloaded= 0
========================================================================
Received Prepare
Begin MonoManager ReloadAssembly
- Loaded All Assemblies, in  2.336 seconds
Refreshing native plugins compatible for Editor in 11.22 ms, found 5 plugins.
Native extension for WindowsStandalone target not found
[Package Manager] Failed to launch server process. Reason: Unity was launched with the -noUpm command-line argument
[Package Manager] Unable to send message (not connected to server process).
[Package Manager] Cannot connect to Unity Package Manager local server
[Package Manager] Failed to launch server process. Reason: Unity was launched with the -noUpm command-line argument
[Package Manager] Unable to send message (not connected to server process).
[Package Manager] Cannot connect to Unity Package Manager local server
Mono: successfully reloaded assembly
- Finished resetting the current domain, in  4.157 seconds
Domain Reload Profiling: 6497ms
	BeginReloadAssembly (470ms)
		ExecutionOrderSort (0ms)
		DisableScriptedObjects (26ms)
		BackupInstance (0ms)
		ReleaseScriptingObjects (0ms)
		CreateAndSetChildDomain (85ms)
	RebuildCommonClasses (114ms)
	RebuildNativeTypeToScriptingClass (48ms)
	initialDomainReloadingComplete (105ms)
	LoadAllAssembliesAndSetupDomain (1601ms)
		LoadAssemblies (1169ms)
		RebuildTransferFunctionScriptingTraits (0ms)
		AnalyzeDomain (654ms)
			TypeCache.Refresh (12ms)
				TypeCache.ScanAssembly (0ms)
			BuildScriptInfoCaches (548ms)
			ResolveRequiredComponents (81ms)
	FinalizeReload (4158ms)
		ReleaseScriptCaches (0ms)
		RebuildScriptCaches (0ms)
		SetupLoadedEditorAssemblies (3501ms)
			LogAssemblyErrors (0ms)
			InitializePlatformSupportModulesInManaged (8ms)
			SetLoadedEditorAssemblies (59ms)
			BeforeProcessingInitializeOnLoad (966ms)
			ProcessInitializeOnLoadAttributes (1989ms)
			ProcessInitializeOnLoadMethodAttributes (426ms)
			AfterProcessingInitializeOnLoad (52ms)
			EditorAssembliesLoaded (1ms)
		ExecutionOrderSort2 (0ms)
		AwakeInstancesAfterBackupRestoration (81ms)
Refreshing native plugins compatible for Editor in 21.08 ms, found 5 plugins.
Preloading 0 native plugins for Editor in 0.00 ms.
Unloading 13 Unused Serialized files (Serialized files now loaded: 0)
Unloading 7015 unused Assets / (4.5 MB). Loaded Objects now: 7834.
Memory consumption went from 150.8 MB to 146.3 MB.
Total: 31.917600 ms (FindLiveObjects: 2.130100 ms CreateObjectMapping: 3.290200 ms MarkObjects: 18.171400 ms  DeleteObjects: 8.322400 ms)

Prepare: number of updated asset objects reloaded= 0
========================================================================
Received Prepare
Begin MonoManager ReloadAssembly
[Licensing::Client] Successfully resolved entitlement details
[Licensing::Module] License group:
  Id: F4-ZGAK-QVW2-M3YN-TDZ6-XXXX
  Product: Unity Personal
  Type: ULF
  Expiration: Unlimited
[Licensing::Module] License group:
  Id: 1375250263887-UnityPersXXXX
  Product: Unity Personal
  Type: Assigned
  Expiration: Unlimited
- Loaded All Assemblies, in  1.862 seconds
Refreshing native plugins compatible for Editor in 9.94 ms, found 5 plugins.
Native extension for WindowsStandalone target not found
[Package Manager] Failed to launch server process. Reason: Unity was launched with the -noUpm command-line argument
[Package Manager] Unable to send message (not connected to server process).
[Package Manager] Cannot connect to Unity Package Manager local server
[Package Manager] Failed to launch server process. Reason: Unity was launched with the -noUpm command-line argument
[Package Manager] Unable to send message (not connected to server process).
[Package Manager] Cannot connect to Unity Package Manager local server
Mono: successfully reloaded assembly
- Finished resetting the current domain, in  1.717 seconds
Domain Reload Profiling: 3565ms
	BeginReloadAssembly (454ms)
		ExecutionOrderSort (0ms)
		DisableScriptedObjects (35ms)
		BackupInstance (0ms)
		ReleaseScriptingObjects (0ms)
		CreateAndSetChildDomain (95ms)
	RebuildCommonClasses (86ms)
	RebuildNativeTypeToScriptingClass (24ms)
	initialDomainReloadingComplete (76ms)
	LoadAllAssembliesAndSetupDomain (1204ms)
		LoadAssemblies (907ms)
		RebuildTransferFunctionScriptingTraits (0ms)
		AnalyzeDomain (509ms)
			TypeCache.Refresh (16ms)
				TypeCache.ScanAssembly (1ms)
			BuildScriptInfoCaches (452ms)
			ResolveRequiredComponents (33ms)
	FinalizeReload (1720ms)
		ReleaseScriptCaches (0ms)
		RebuildScriptCaches (0ms)
		SetupLoadedEditorAssemblies (1355ms)
			LogAssemblyErrors (0ms)
			InitializePlatformSupportModulesInManaged (4ms)
			SetLoadedEditorAssemblies (11ms)
			BeforeProcessingInitializeOnLoad (367ms)
			ProcessInitializeOnLoadAttributes (820ms)
			ProcessInitializeOnLoadMethodAttributes (135ms)
			AfterProcessingInitializeOnLoad (18ms)
			EditorAssembliesLoaded (1ms)
		ExecutionOrderSort2 (0ms)
		AwakeInstancesAfterBackupRestoration (28ms)
Refreshing native plugins compatible for Editor in 10.68 ms, found 5 plugins.
Preloading 0 native plugins for Editor in 0.00 ms.
Unloading 13 Unused Serialized files (Serialized files now loaded: 0)
Unloading 7015 unused Assets / (3.5 MB). Loaded Objects now: 7837.
Memory consumption went from 150.8 MB to 147.4 MB.
Total: 14.713900 ms (FindLiveObjects: 1.323400 ms CreateObjectMapping: 1.987400 ms MarkObjects: 8.187500 ms  DeleteObjects: 3.212800 ms)

Prepare: number of updated asset objects reloaded= 0
========================================================================
Received Prepare
Begin MonoManager ReloadAssembly
- Loaded All Assemblies, in  1.862 seconds
Refreshing native plugins compatible for Editor in 11.81 ms, found 5 plugins.
Native extension for WindowsStandalone target not found
[Package Manager] Failed to launch server process. Reason: Unity was launched with the -noUpm command-line argument
[Package Manager] Unable to send message (not connected to server process).
[Package Manager] Cannot connect to Unity Package Manager local server
[Package Manager] Failed to launch server process. Reason: Unity was launched with the -noUpm command-line argument
[Package Manager] Unable to send message (not connected to server process).
[Package Manager] Cannot connect to Unity Package Manager local server
Mono: successfully reloaded assembly
- Finished resetting the current domain, in  4.482 seconds
Domain Reload Profiling: 6332ms
	BeginReloadAssembly (475ms)
		ExecutionOrderSort (0ms)
		DisableScriptedObjects (35ms)
		BackupInstance (0ms)
		ReleaseScriptingObjects (0ms)
		CreateAndSetChildDomain (89ms)
	RebuildCommonClasses (79ms)
	RebuildNativeTypeToScriptingClass (31ms)
	initialDomainReloadingComplete (70ms)
	LoadAllAssembliesAndSetupDomain (1193ms)
		LoadAssemblies (899ms)
		RebuildTransferFunctionScriptingTraits (0ms)
		AnalyzeDomain (514ms)
			TypeCache.Refresh (14ms)
				TypeCache.ScanAssembly (0ms)
			BuildScriptInfoCaches (468ms)
			ResolveRequiredComponents (23ms)
	FinalizeReload (4483ms)
		ReleaseScriptCaches (0ms)
		RebuildScriptCaches (0ms)
		SetupLoadedEditorAssemblies (4028ms)
			LogAssemblyErrors (0ms)
			InitializePlatformSupportModulesInManaged (6ms)
			SetLoadedEditorAssemblies (13ms)
			BeforeProcessingInitializeOnLoad (973ms)
			ProcessInitializeOnLoadAttributes (2683ms)
			ProcessInitializeOnLoadMethodAttributes (329ms)
			AfterProcessingInitializeOnLoad (22ms)
			EditorAssembliesLoaded (1ms)
		ExecutionOrderSort2 (0ms)
		AwakeInstancesAfterBackupRestoration (39ms)
Refreshing native plugins compatible for Editor in 13.25 ms, found 5 plugins.
Preloading 0 native plugins for Editor in 0.00 ms.
Unloading 13 Unused Serialized files (Serialized files now loaded: 0)
Unloading 7015 unused Assets / (4.8 MB). Loaded Objects now: 7840.
Memory consumption went from 150.9 MB to 146.1 MB.
Total: 23.285200 ms (FindLiveObjects: 1.865600 ms CreateObjectMapping: 3.077900 ms MarkObjects: 11.324800 ms  DeleteObjects: 7.014500 ms)

Prepare: number of updated asset objects reloaded= 0
========================================================================
Received Prepare
Begin MonoManager ReloadAssembly
[Licensing::Client] Successfully resolved entitlement details
[Licensing::Module] License group:
  Id: F4-ZGAK-QVW2-M3YN-TDZ6-XXXX
  Product: Unity Personal
  Type: ULF
  Expiration: Unlimited
[Licensing::Module] License group:
  Id: 1375250263887-UnityPersXXXX
  Product: Unity Personal
  Type: Assigned
  Expiration: Unlimited
- Loaded All Assemblies, in  6.524 seconds
Refreshing native plugins compatible for Editor in 9.35 ms, found 5 plugins.
Native extension for WindowsStandalone target not found
[Package Manager] Failed to launch server process. Reason: Unity was launched with the -noUpm command-line argument
[Package Manager] Unable to send message (not connected to server process).
[Package Manager] Cannot connect to Unity Package Manager local server
[Package Manager] Failed to launch server process. Reason: Unity was launched with the -noUpm command-line argument
[Package Manager] Unable to send message (not connected to server process).
[Package Manager] Cannot connect to Unity Package Manager local server
Mono: successfully reloaded assembly
- Finished resetting the current domain, in  1.804 seconds
Domain Reload Profiling: 8323ms
	BeginReloadAssembly (1143ms)
		ExecutionOrderSort (0ms)
		DisableScriptedObjects (28ms)
		BackupInstance (0ms)
		ReleaseScriptingObjects (0ms)
		CreateAndSetChildDomain (78ms)
	RebuildCommonClasses (309ms)
	RebuildNativeTypeToScriptingClass (22ms)
	initialDomainReloadingComplete (78ms)
	LoadAllAssembliesAndSetupDomain (4965ms)
		LoadAssemblies (5144ms)
		RebuildTransferFunctionScriptingTraits (0ms)
		AnalyzeDomain (706ms)
			TypeCache.Refresh (14ms)
				TypeCache.ScanAssembly (0ms)
			BuildScriptInfoCaches (654ms)
			ResolveRequiredComponents (27ms)
	FinalizeReload (1805ms)
		ReleaseScriptCaches (0ms)
		RebuildScriptCaches (0ms)
		SetupLoadedEditorAssemblies (1354ms)
			LogAssemblyErrors (0ms)
			InitializePlatformSupportModulesInManaged (5ms)
			SetLoadedEditorAssemblies (11ms)
			BeforeProcessingInitializeOnLoad (350ms)
			ProcessInitializeOnLoadAttributes (822ms)
			ProcessInitializeOnLoadMethodAttributes (147ms)
			AfterProcessingInitializeOnLoad (18ms)
			EditorAssembliesLoaded (1ms)
		ExecutionOrderSort2 (0ms)
		AwakeInstancesAfterBackupRestoration (32ms)
Refreshing native plugins compatible for Editor in 16.35 ms, found 5 plugins.
Preloading 0 native plugins for Editor in 0.00 ms.
Unloading 13 Unused Serialized files (Serialized files now loaded: 0)
Unloading 7015 unused Assets / (4.9 MB). Loaded Objects now: 7843.
Memory consumption went from 150.9 MB to 146.0 MB.
Total: 20.757800 ms (FindLiveObjects: 1.911400 ms CreateObjectMapping: 2.212100 ms MarkObjects: 9.377500 ms  DeleteObjects: 7.255100 ms)

Prepare: number of updated asset objects reloaded= 0
========================================================================
Received Prepare
Begin MonoManager ReloadAssembly
- Loaded All Assemblies, in  1.680 seconds
Refreshing native plugins compatible for Editor in 11.36 ms, found 5 plugins.
Native extension for WindowsStandalone target not found
[Package Manager] Failed to launch server process. Reason: Unity was launched with the -noUpm command-line argument
[Package Manager] Unable to send message (not connected to server process).
[Package Manager] Cannot connect to Unity Package Manager local server
[Package Manager] Failed to launch server process. Reason: Unity was launched with the -noUpm command-line argument
[Package Manager] Unable to send message (not connected to server process).
[Package Manager] Cannot connect to Unity Package Manager local server
Mono: successfully reloaded assembly
- Finished resetting the current domain, in  1.575 seconds
Domain Reload Profiling: 3248ms
	BeginReloadAssembly (396ms)
		ExecutionOrderSort (0ms)
		DisableScriptedObjects (25ms)
		BackupInstance (0ms)
		ReleaseScriptingObjects (0ms)
		CreateAndSetChildDomain (77ms)
	RebuildCommonClasses (76ms)
	RebuildNativeTypeToScriptingClass (22ms)
	initialDomainReloadingComplete (63ms)
	LoadAllAssembliesAndSetupDomain (1116ms)
		LoadAssemblies (878ms)
		RebuildTransferFunctionScriptingTraits (0ms)
		AnalyzeDomain (436ms)
			TypeCache.Refresh (10ms)
				TypeCache.ScanAssembly (0ms)
			BuildScriptInfoCaches (400ms)
			ResolveRequiredComponents (19ms)
	FinalizeReload (1576ms)
		ReleaseScriptCaches (0ms)
		RebuildScriptCaches (0ms)
		SetupLoadedEditorAssemblies (1275ms)
			LogAssemblyErrors (0ms)
			InitializePlatformSupportModulesInManaged (4ms)
			SetLoadedEditorAssemblies (10ms)
			BeforeProcessingInitializeOnLoad (330ms)
			ProcessInitializeOnLoadAttributes (778ms)
			ProcessInitializeOnLoadMethodAttributes (133ms)
			AfterProcessingInitializeOnLoad (19ms)
			EditorAssembliesLoaded (1ms)
		ExecutionOrderSort2 (0ms)
		AwakeInstancesAfterBackupRestoration (35ms)
Refreshing native plugins compatible for Editor in 10.70 ms, found 5 plugins.
Preloading 0 native plugins for Editor in 0.00 ms.
Unloading 13 Unused Serialized files (Serialized files now loaded: 0)
Unloading 7015 unused Assets / (5.0 MB). Loaded Objects now: 7846.
Memory consumption went from 150.9 MB to 145.8 MB.
Total: 19.605400 ms (FindLiveObjects: 1.320500 ms CreateObjectMapping: 2.103400 ms MarkObjects: 10.202500 ms  DeleteObjects: 5.976600 ms)

Prepare: number of updated asset objects reloaded= 0
========================================================================
Received Prepare
Begin MonoManager ReloadAssembly
[Licensing::Client] Successfully resolved entitlement details
[Licensing::Module] License group:
  Id: F4-ZGAK-QVW2-M3YN-TDZ6-XXXX
  Product: Unity Personal
  Type: ULF
  Expiration: Unlimited
[Licensing::Module] License group:
  Id: 1375250263887-UnityPersXXXX
  Product: Unity Personal
  Type: Assigned
  Expiration: Unlimited
- Loaded All Assemblies, in  1.652 seconds
Refreshing native plugins compatible for Editor in 8.79 ms, found 5 plugins.
Native extension for WindowsStandalone target not found
[Package Manager] Failed to launch server process. Reason: Unity was launched with the -noUpm command-line argument
[Package Manager] Unable to send message (not connected to server process).
[Package Manager] Cannot connect to Unity Package Manager local server
[Package Manager] Failed to launch server process. Reason: Unity was launched with the -noUpm command-line argument
[Package Manager] Unable to send message (not connected to server process).
[Package Manager] Cannot connect to Unity Package Manager local server
Mono: successfully reloaded assembly
- Finished resetting the current domain, in  1.619 seconds
Domain Reload Profiling: 3266ms
	BeginReloadAssembly (404ms)
		ExecutionOrderSort (0ms)
		DisableScriptedObjects (27ms)
		BackupInstance (0ms)
		ReleaseScriptingObjects (0ms)
		CreateAndSetChildDomain (74ms)
	RebuildCommonClasses (73ms)
	RebuildNativeTypeToScriptingClass (20ms)
	initialDomainReloadingComplete (60ms)
	LoadAllAssembliesAndSetupDomain (1090ms)
		LoadAssemblies (794ms)
		RebuildTransferFunctionScriptingTraits (0ms)
		AnalyzeDomain (471ms)
			TypeCache.Refresh (11ms)
				TypeCache.ScanAssembly (0ms)
			BuildScriptInfoCaches (418ms)
			ResolveRequiredComponents (32ms)
	FinalizeReload (1620ms)
		ReleaseScriptCaches (0ms)
		RebuildScriptCaches (0ms)
		SetupLoadedEditorAssemblies (1283ms)
			LogAssemblyErrors (0ms)
			InitializePlatformSupportModulesInManaged (7ms)
			SetLoadedEditorAssemblies (10ms)
			BeforeProcessingInitializeOnLoad (338ms)
			ProcessInitializeOnLoadAttributes (771ms)
			ProcessInitializeOnLoadMethodAttributes (138ms)
			AfterProcessingInitializeOnLoad (19ms)
			EditorAssembliesLoaded (1ms)
		ExecutionOrderSort2 (0ms)
		AwakeInstancesAfterBackupRestoration (33ms)
Refreshing native plugins compatible for Editor in 11.41 ms, found 5 plugins.
Preloading 0 native plugins for Editor in 0.00 ms.
Unloading 13 Unused Serialized files (Serialized files now loaded: 0)
Unloading 7015 unused Assets / (4.9 MB). Loaded Objects now: 7849.
Memory consumption went from 151.0 MB to 146.1 MB.
Total: 21.786000 ms (FindLiveObjects: 1.363500 ms CreateObjectMapping: 2.153600 ms MarkObjects: 11.110200 ms  DeleteObjects: 7.156300 ms)

Prepare: number of updated asset objects reloaded= 0
========================================================================
Received Import Request.
  Time since last request: 876.926667 seconds.
  path: Assets/Prefabs/Entorno/Muelle.prefab
  artifactKey: Guid(9eb705aaa664a6645930f4949160f124) Importer(815301076,1909f56bfc062723c751e8b465ee728b)
Start importing Assets/Prefabs/Entorno/Muelle.prefab using Guid(9eb705aaa664a6645930f4949160f124) Importer(815301076,1909f56bfc062723c751e8b465ee728b) (PreviewImporter) -> (artifact id: '6318049be478f2cf43f1e4964d6200f8') in 0.8606893 seconds
Number of updated asset objects reloaded before import = 0Number of asset objects unloaded after import = 15

========================================================================
Received Prepare
Begin MonoManager ReloadAssembly
[Licensing::Client] Successfully resolved entitlement details
[Licensing::Module] License group:
  Id: F4-ZGAK-QVW2-M3YN-TDZ6-XXXX
  Product: Unity Personal
  Type: ULF
  Expiration: Unlimited
[Licensing::Module] License group:
  Id: 1375250263887-UnityPersXXXX
  Product: Unity Personal
  Type: Assigned
  Expiration: Unlimited
- Loaded All Assemblies, in  1.661 seconds
Refreshing native plugins compatible for Editor in 13.53 ms, found 5 plugins.
Native extension for WindowsStandalone target not found
[Package Manager] Failed to launch server process. Reason: Unity was launched with the -noUpm command-line argument
[Package Manager] Unable to send message (not connected to server process).
[Package Manager] Cannot connect to Unity Package Manager local server
[Package Manager] Failed to launch server process. Reason: Unity was launched with the -noUpm command-line argument
[Package Manager] Unable to send message (not connected to server process).
[Package Manager] Cannot connect to Unity Package Manager local server
Mono: successfully reloaded assembly
- Finished resetting the current domain, in  1.943 seconds
Domain Reload Profiling: 3597ms
	BeginReloadAssembly (464ms)
		ExecutionOrderSort (0ms)
		DisableScriptedObjects (51ms)
		BackupInstance (0ms)
		ReleaseScriptingObjects (0ms)
		CreateAndSetChildDomain (104ms)
	RebuildCommonClasses (67ms)
	RebuildNativeTypeToScriptingClass (23ms)
	initialDomainReloadingComplete (69ms)
	LoadAllAssembliesAndSetupDomain (1031ms)
		LoadAssemblies (810ms)
		RebuildTransferFunctionScriptingTraits (0ms)
		AnalyzeDomain (423ms)
			TypeCache.Refresh (12ms)
				TypeCache.ScanAssembly (0ms)
			BuildScriptInfoCaches (385ms)
			ResolveRequiredComponents (19ms)
	FinalizeReload (1944ms)
		ReleaseScriptCaches (0ms)
		RebuildScriptCaches (0ms)
		SetupLoadedEditorAssemblies (1573ms)
			LogAssemblyErrors (0ms)
			InitializePlatformSupportModulesInManaged (6ms)
			SetLoadedEditorAssemblies (13ms)
			BeforeProcessingInitializeOnLoad (442ms)
			ProcessInitializeOnLoadAttributes (936ms)
			ProcessInitializeOnLoadMethodAttributes (154ms)
			AfterProcessingInitializeOnLoad (20ms)
			EditorAssembliesLoaded (1ms)
		ExecutionOrderSort2 (0ms)
		AwakeInstancesAfterBackupRestoration (40ms)
Refreshing native plugins compatible for Editor in 13.19 ms, found 5 plugins.
Preloading 0 native plugins for Editor in 0.00 ms.
Unloading 13 Unused Serialized files (Serialized files now loaded: 0)
Unloading 7015 unused Assets / (4.5 MB). Loaded Objects now: 7872.
Memory consumption went from 151.2 MB to 146.7 MB.
Total: 19.082700 ms (FindLiveObjects: 1.348900 ms CreateObjectMapping: 2.168400 ms MarkObjects: 10.348800 ms  DeleteObjects: 5.214000 ms)

Prepare: number of updated asset objects reloaded= 0
========================================================================
Received Prepare
Begin MonoManager ReloadAssembly
- Loaded All Assemblies, in  1.590 seconds
Refreshing native plugins compatible for Editor in 8.83 ms, found 5 plugins.
Native extension for WindowsStandalone target not found
[Package Manager] Failed to launch server process. Reason: Unity was launched with the -noUpm command-line argument
[Package Manager] Unable to send message (not connected to server process).
[Package Manager] Cannot connect to Unity Package Manager local server
[Package Manager] Failed to launch server process. Reason: Unity was launched with the -noUpm command-line argument
[Package Manager] Unable to send message (not connected to server process).
[Package Manager] Cannot connect to Unity Package Manager local server
Mono: successfully reloaded assembly
- Finished resetting the current domain, in  1.691 seconds
Domain Reload Profiling: 3275ms
	BeginReloadAssembly (397ms)
		ExecutionOrderSort (0ms)
		DisableScriptedObjects (27ms)
		BackupInstance (0ms)
		ReleaseScriptingObjects (0ms)
		CreateAndSetChildDomain (73ms)
	RebuildCommonClasses (71ms)
	RebuildNativeTypeToScriptingClass (23ms)
	initialDomainReloadingComplete (67ms)
	LoadAllAssembliesAndSetupDomain (1025ms)
		LoadAssemblies (796ms)
		RebuildTransferFunctionScriptingTraits (0ms)
		AnalyzeDomain (427ms)
			TypeCache.Refresh (10ms)
				TypeCache.ScanAssembly (0ms)
			BuildScriptInfoCaches (390ms)
			ResolveRequiredComponents (20ms)
	FinalizeReload (1692ms)
		ReleaseScriptCaches (0ms)
		RebuildScriptCaches (0ms)
		SetupLoadedEditorAssemblies (1356ms)
			LogAssemblyErrors (0ms)
			InitializePlatformSupportModulesInManaged (4ms)
			SetLoadedEditorAssemblies (12ms)
			BeforeProcessingInitializeOnLoad (363ms)
			ProcessInitializeOnLoadAttributes (822ms)
			ProcessInitializeOnLoadMethodAttributes (131ms)
			AfterProcessingInitializeOnLoad (23ms)
			EditorAssembliesLoaded (1ms)
		ExecutionOrderSort2 (0ms)
		AwakeInstancesAfterBackupRestoration (38ms)
Refreshing native plugins compatible for Editor in 12.77 ms, found 5 plugins.
Preloading 0 native plugins for Editor in 0.00 ms.
Unloading 13 Unused Serialized files (Serialized files now loaded: 0)
Unloading 7015 unused Assets / (4.9 MB). Loaded Objects now: 7875.
Memory consumption went from 151.1 MB to 146.2 MB.
Total: 17.580700 ms (FindLiveObjects: 1.541400 ms CreateObjectMapping: 2.193700 ms MarkObjects: 8.727100 ms  DeleteObjects: 5.116300 ms)

Prepare: number of updated asset objects reloaded= 0
========================================================================
Received Prepare
Begin MonoManager ReloadAssembly
[Licensing::Client] Successfully resolved entitlement details
[Licensing::Module] License group:
  Id: F4-ZGAK-QVW2-M3YN-TDZ6-XXXX
  Product: Unity Personal
  Type: ULF
  Expiration: Unlimited
[Licensing::Module] License group:
  Id: 1375250263887-UnityPersXXXX
  Product: Unity Personal
  Type: Assigned
  Expiration: Unlimited
- Loaded All Assemblies, in  1.967 seconds
Refreshing native plugins compatible for Editor in 11.07 ms, found 5 plugins.
Native extension for WindowsStandalone target not found
[Package Manager] Failed to launch server process. Reason: Unity was launched with the -noUpm command-line argument
[Package Manager] Unable to send message (not connected to server process).
[Package Manager] Cannot connect to Unity Package Manager local server
[Package Manager] Failed to launch server process. Reason: Unity was launched with the -noUpm command-line argument
[Package Manager] Unable to send message (not connected to server process).
[Package Manager] Cannot connect to Unity Package Manager local server
Mono: successfully reloaded assembly
- Finished resetting the current domain, in  1.978 seconds
Domain Reload Profiling: 3940ms
	BeginReloadAssembly (439ms)
		ExecutionOrderSort (0ms)
		DisableScriptedObjects (33ms)
		BackupInstance (0ms)
		ReleaseScriptingObjects (0ms)
		CreateAndSetChildDomain (79ms)
	RebuildCommonClasses (96ms)
	RebuildNativeTypeToScriptingClass (31ms)
	initialDomainReloadingComplete (83ms)
	LoadAllAssembliesAndSetupDomain (1312ms)
		LoadAssemblies (948ms)
		RebuildTransferFunctionScriptingTraits (0ms)
		AnalyzeDomain (572ms)
			TypeCache.Refresh (15ms)
				TypeCache.ScanAssembly (0ms)
			BuildScriptInfoCaches (515ms)
			ResolveRequiredComponents (33ms)
	FinalizeReload (1980ms)
		ReleaseScriptCaches (0ms)
		RebuildScriptCaches (0ms)
		SetupLoadedEditorAssemblies (1579ms)
			LogAssemblyErrors (0ms)
			InitializePlatformSupportModulesInManaged (6ms)
			SetLoadedEditorAssemblies (11ms)
			BeforeProcessingInitializeOnLoad (430ms)
			ProcessInitializeOnLoadAttributes (963ms)
			ProcessInitializeOnLoadMethodAttributes (138ms)
			AfterProcessingInitializeOnLoad (31ms)
			EditorAssembliesLoaded (1ms)
		ExecutionOrderSort2 (0ms)
		AwakeInstancesAfterBackupRestoration (66ms)
Refreshing native plugins compatible for Editor in 10.66 ms, found 5 plugins.
Preloading 0 native plugins for Editor in 0.00 ms.
Unloading 13 Unused Serialized files (Serialized files now loaded: 0)
Unloading 7015 unused Assets / (4.7 MB). Loaded Objects now: 7878.
Memory consumption went from 151.1 MB to 146.5 MB.
Total: 19.673600 ms (FindLiveObjects: 1.292800 ms CreateObjectMapping: 1.379300 ms MarkObjects: 10.026800 ms  DeleteObjects: 6.972500 ms)

Prepare: number of updated asset objects reloaded= 0
========================================================================
Received Prepare
Begin MonoManager ReloadAssembly
- Loaded All Assemblies, in  1.586 seconds
Refreshing native plugins compatible for Editor in 10.76 ms, found 5 plugins.
Native extension for WindowsStandalone target not found
[Package Manager] Failed to launch server process. Reason: Unity was launched with the -noUpm command-line argument
[Package Manager] Unable to send message (not connected to server process).
[Package Manager] Cannot connect to Unity Package Manager local server
[Package Manager] Failed to launch server process. Reason: Unity was launched with the -noUpm command-line argument
[Package Manager] Unable to send message (not connected to server process).
[Package Manager] Cannot connect to Unity Package Manager local server
Mono: successfully reloaded assembly
- Finished resetting the current domain, in  1.589 seconds
Domain Reload Profiling: 3169ms
	BeginReloadAssembly (387ms)
		ExecutionOrderSort (0ms)
		DisableScriptedObjects (28ms)
		BackupInstance (0ms)
		ReleaseScriptingObjects (0ms)
		CreateAndSetChildDomain (78ms)
	RebuildCommonClasses (74ms)
	RebuildNativeTypeToScriptingClass (25ms)
	initialDomainReloadingComplete (68ms)
	LoadAllAssembliesAndSetupDomain (1025ms)
		LoadAssemblies (778ms)
		RebuildTransferFunctionScriptingTraits (0ms)
		AnalyzeDomain (425ms)
			TypeCache.Refresh (10ms)
				TypeCache.ScanAssembly (0ms)
			BuildScriptInfoCaches (386ms)
			ResolveRequiredComponents (22ms)
	FinalizeReload (1590ms)
		ReleaseScriptCaches (0ms)
		RebuildScriptCaches (0ms)
		SetupLoadedEditorAssemblies (1259ms)
			LogAssemblyErrors (0ms)
			InitializePlatformSupportModulesInManaged (5ms)
			SetLoadedEditorAssemblies (10ms)
			BeforeProcessingInitializeOnLoad (333ms)
			ProcessInitializeOnLoadAttributes (757ms)
			ProcessInitializeOnLoadMethodAttributes (134ms)
			AfterProcessingInitializeOnLoad (18ms)
			EditorAssembliesLoaded (0ms)
		ExecutionOrderSort2 (0ms)
		AwakeInstancesAfterBackupRestoration (33ms)
Refreshing native plugins compatible for Editor in 10.48 ms, found 5 plugins.
Preloading 0 native plugins for Editor in 0.00 ms.
Unloading 13 Unused Serialized files (Serialized files now loaded: 0)
Unloading 7015 unused Assets / (5.1 MB). Loaded Objects now: 7881.
Memory consumption went from 151.1 MB to 146.0 MB.
Total: 18.417600 ms (FindLiveObjects: 1.344700 ms CreateObjectMapping: 1.910800 ms MarkObjects: 9.223500 ms  DeleteObjects: 5.936600 ms)

Prepare: number of updated asset objects reloaded= 0
========================================================================
Received Import Request.
  Time since last request: 183.397531 seconds.
  path: Assets/Prefabs/Entorno/Muelle.prefab
  artifactKey: Guid(9eb705aaa664a6645930f4949160f124) Importer(815301076,1909f56bfc062723c751e8b465ee728b)
Start importing Assets/Prefabs/Entorno/Muelle.prefab using Guid(9eb705aaa664a6645930f4949160f124) Importer(815301076,1909f56bfc062723c751e8b465ee728b) (PreviewImporter) -> (artifact id: 'c04e935379aa19bee022396ebcfcb162') in 0.7627234 seconds
Number of updated asset objects reloaded before import = 0Number of asset objects unloaded after import = 15

========================================================================
Received Import Request.
  Time since last request: 0.922649 seconds.
  path: Assets/Prefabs/Entorno/Muelle.prefab
  artifactKey: Guid(9eb705aaa664a6645930f4949160f124) Importer(815301076,1909f56bfc062723c751e8b465ee728b)
Start importing Assets/Prefabs/Entorno/Muelle.prefab using Guid(9eb705aaa664a6645930f4949160f124) Importer(815301076,1909f56bfc062723c751e8b465ee728b) (PreviewImporter) -> (artifact id: 'cb8cbc4bc07056641897668e84295166') in 0.0177789 seconds
Number of updated asset objects reloaded before import = 0Number of asset objects unloaded after import = 15

========================================================================
Received Import Request.
  Time since last request: 2.123232 seconds.
  path: Assets/Prefabs/Entorno/Muelle.prefab
  artifactKey: Guid(9eb705aaa664a6645930f4949160f124) Importer(815301076,1909f56bfc062723c751e8b465ee728b)
Start importing Assets/Prefabs/Entorno/Muelle.prefab using Guid(9eb705aaa664a6645930f4949160f124) Importer(815301076,1909f56bfc062723c751e8b465ee728b) (PreviewImporter) -> (artifact id: '78e3291d542817df1c8afd59ed2fed90') in 0.0165876 seconds
Number of updated asset objects reloaded before import = 0Number of asset objects unloaded after import = 15

========================================================================
Received Prepare
Begin MonoManager ReloadAssembly
[Licensing::Client] Successfully resolved entitlement details
[Licensing::Module] License group:
  Id: F4-ZGAK-QVW2-M3YN-TDZ6-XXXX
  Product: Unity Personal
  Type: ULF
  Expiration: Unlimited
[Licensing::Module] License group:
  Id: 1375250263887-UnityPersXXXX
  Product: Unity Personal
  Type: Assigned
  Expiration: Unlimited
- Loaded All Assemblies, in  1.645 seconds
Refreshing native plugins compatible for Editor in 8.29 ms, found 5 plugins.
Native extension for WindowsStandalone target not found
[Package Manager] Failed to launch server process. Reason: Unity was launched with the -noUpm command-line argument
[Package Manager] Unable to send message (not connected to server process).
[Package Manager] Cannot connect to Unity Package Manager local server
[Package Manager] Failed to launch server process. Reason: Unity was launched with the -noUpm command-line argument
[Package Manager] Unable to send message (not connected to server process).
[Package Manager] Cannot connect to Unity Package Manager local server
Mono: successfully reloaded assembly
- Finished resetting the current domain, in  1.816 seconds
Domain Reload Profiling: 3455ms
	BeginReloadAssembly (449ms)
		ExecutionOrderSort (0ms)
		DisableScriptedObjects (60ms)
		BackupInstance (0ms)
		ReleaseScriptingObjects (0ms)
		CreateAndSetChildDomain (94ms)
	RebuildCommonClasses (71ms)
	RebuildNativeTypeToScriptingClass (21ms)
	initialDomainReloadingComplete (72ms)
	LoadAllAssembliesAndSetupDomain (1025ms)
		LoadAssemblies (808ms)
		RebuildTransferFunctionScriptingTraits (0ms)
		AnalyzeDomain (396ms)
			TypeCache.Refresh (9ms)
				TypeCache.ScanAssembly (0ms)
			BuildScriptInfoCaches (353ms)
			ResolveRequiredComponents (25ms)
	FinalizeReload (1817ms)
		ReleaseScriptCaches (0ms)
		RebuildScriptCaches (0ms)
		SetupLoadedEditorAssemblies (1452ms)
			LogAssemblyErrors (0ms)
			InitializePlatformSupportModulesInManaged (6ms)
			SetLoadedEditorAssemblies (12ms)
			BeforeProcessingInitializeOnLoad (381ms)
			ProcessInitializeOnLoadAttributes (877ms)
			ProcessInitializeOnLoadMethodAttributes (154ms)
			AfterProcessingInitializeOnLoad (22ms)
			EditorAssembliesLoaded (1ms)
		ExecutionOrderSort2 (0ms)
		AwakeInstancesAfterBackupRestoration (39ms)
Refreshing native plugins compatible for Editor in 11.72 ms, found 5 plugins.
Preloading 0 native plugins for Editor in 0.00 ms.
Unloading 13 Unused Serialized files (Serialized files now loaded: 0)
Unloading 7015 unused Assets / (4.8 MB). Loaded Objects now: 7904.
Memory consumption went from 151.4 MB to 146.6 MB.
Total: 21.906600 ms (FindLiveObjects: 1.507300 ms CreateObjectMapping: 2.280700 ms MarkObjects: 11.379100 ms  DeleteObjects: 6.736600 ms)

Prepare: number of updated asset objects reloaded= 0
========================================================================
Received Prepare
Refreshing native plugins compatible for Editor in 12.07 ms, found 5 plugins.
Preloading 0 native plugins for Editor in 0.00 ms.
Unloading 13 Unused Serialized files (Serialized files now loaded: 0)
Unloading 7000 unused Assets / (4.4 MB). Loaded Objects now: 7904.
Memory consumption went from 151.3 MB to 147.0 MB.
Total: 22.160400 ms (FindLiveObjects: 1.736700 ms CreateObjectMapping: 2.284600 ms MarkObjects: 11.494000 ms  DeleteObjects: 6.643100 ms)

Prepare: number of updated asset objects reloaded= 0
========================================================================
Received Prepare
Begin MonoManager ReloadAssembly
[Licensing::Client] Successfully resolved entitlement details
[Licensing::Module] License group:
  Id: F4-ZGAK-QVW2-M3YN-TDZ6-XXXX
  Product: Unity Personal
  Type: ULF
  Expiration: Unlimited
[Licensing::Module] License group:
  Id: 1375250263887-UnityPersXXXX
  Product: Unity Personal
  Type: Assigned
  Expiration: Unlimited
- Loaded All Assemblies, in  1.600 seconds
Refreshing native plugins compatible for Editor in 7.53 ms, found 5 plugins.
Native extension for WindowsStandalone target not found
[Package Manager] Failed to launch server process. Reason: Unity was launched with the -noUpm command-line argument
[Package Manager] Unable to send message (not connected to server process).
[Package Manager] Cannot connect to Unity Package Manager local server
[Package Manager] Failed to launch server process. Reason: Unity was launched with the -noUpm command-line argument
[Package Manager] Unable to send message (not connected to server process).
[Package Manager] Cannot connect to Unity Package Manager local server
Mono: successfully reloaded assembly
- Finished resetting the current domain, in  1.435 seconds
Domain Reload Profiling: 3028ms
	BeginReloadAssembly (423ms)
		ExecutionOrderSort (0ms)
		DisableScriptedObjects (28ms)
		BackupInstance (0ms)
		ReleaseScriptingObjects (0ms)
		CreateAndSetChildDomain (85ms)
	RebuildCommonClasses (73ms)
	RebuildNativeTypeToScriptingClass (22ms)
	initialDomainReloadingComplete (70ms)
	LoadAllAssembliesAndSetupDomain (1005ms)
		LoadAssemblies (798ms)
		RebuildTransferFunctionScriptingTraits (0ms)
		AnalyzeDomain (408ms)
			TypeCache.Refresh (15ms)
				TypeCache.ScanAssembly (1ms)
			BuildScriptInfoCaches (359ms)
			ResolveRequiredComponents (25ms)
	FinalizeReload (1436ms)
		ReleaseScriptCaches (0ms)
		RebuildScriptCaches (0ms)
		SetupLoadedEditorAssemblies (1150ms)
			LogAssemblyErrors (0ms)
			InitializePlatformSupportModulesInManaged (4ms)
			SetLoadedEditorAssemblies (10ms)
			BeforeProcessingInitializeOnLoad (290ms)
			ProcessInitializeOnLoadAttributes (713ms)
			ProcessInitializeOnLoadMethodAttributes (118ms)
			AfterProcessingInitializeOnLoad (15ms)
			EditorAssembliesLoaded (1ms)
		ExecutionOrderSort2 (0ms)
		AwakeInstancesAfterBackupRestoration (30ms)
Refreshing native plugins compatible for Editor in 9.78 ms, found 5 plugins.
Preloading 0 native plugins for Editor in 0.00 ms.
Unloading 13 Unused Serialized files (Serialized files now loaded: 0)
Unloading 7015 unused Assets / (4.2 MB). Loaded Objects now: 7907.
Memory consumption went from 151.3 MB to 147.0 MB.
Total: 20.823400 ms (FindLiveObjects: 1.276200 ms CreateObjectMapping: 3.788500 ms MarkObjects: 11.173300 ms  DeleteObjects: 4.583300 ms)

Prepare: number of updated asset objects reloaded= 0
========================================================================
Received Prepare
Begin MonoManager ReloadAssembly
- Loaded All Assemblies, in  1.682 seconds
Refreshing native plugins compatible for Editor in 8.79 ms, found 5 plugins.
Native extension for WindowsStandalone target not found
[Package Manager] Failed to launch server process. Reason: Unity was launched with the -noUpm command-line argument
[Package Manager] Unable to send message (not connected to server process).
[Package Manager] Cannot connect to Unity Package Manager local server
[Package Manager] Failed to launch server process. Reason: Unity was launched with the -noUpm command-line argument
[Package Manager] Unable to send message (not connected to server process).
[Package Manager] Cannot connect to Unity Package Manager local server
Mono: successfully reloaded assembly
- Finished resetting the current domain, in  1.813 seconds
Domain Reload Profiling: 3490ms
	BeginReloadAssembly (394ms)
		ExecutionOrderSort (0ms)
		DisableScriptedObjects (30ms)
		BackupInstance (0ms)
		ReleaseScriptingObjects (0ms)
		CreateAndSetChildDomain (81ms)
	RebuildCommonClasses (78ms)
	RebuildNativeTypeToScriptingClass (23ms)
	initialDomainReloadingComplete (68ms)
	LoadAllAssembliesAndSetupDomain (1113ms)
		LoadAssemblies (860ms)
		RebuildTransferFunctionScriptingTraits (0ms)
		AnalyzeDomain (428ms)
			TypeCache.Refresh (12ms)
				TypeCache.ScanAssembly (0ms)
			BuildScriptInfoCaches (387ms)
			ResolveRequiredComponents (20ms)
	FinalizeReload (1814ms)
		ReleaseScriptCaches (0ms)
		RebuildScriptCaches (0ms)
		SetupLoadedEditorAssemblies (1453ms)
			LogAssemblyErrors (0ms)
			InitializePlatformSupportModulesInManaged (5ms)
			SetLoadedEditorAssemblies (14ms)
			BeforeProcessingInitializeOnLoad (379ms)
			ProcessInitializeOnLoadAttributes (879ms)
			ProcessInitializeOnLoadMethodAttributes (157ms)
			AfterProcessingInitializeOnLoad (19ms)
			EditorAssembliesLoaded (1ms)
		ExecutionOrderSort2 (0ms)
		AwakeInstancesAfterBackupRestoration (37ms)
Refreshing native plugins compatible for Editor in 14.69 ms, found 5 plugins.
Preloading 0 native plugins for Editor in 0.00 ms.
Unloading 13 Unused Serialized files (Serialized files now loaded: 0)
Unloading 7015 unused Assets / (4.7 MB). Loaded Objects now: 7910.
Memory consumption went from 151.3 MB to 146.6 MB.
Total: 25.181100 ms (FindLiveObjects: 1.481500 ms CreateObjectMapping: 2.282100 ms MarkObjects: 13.070900 ms  DeleteObjects: 8.344300 ms)

Prepare: number of updated asset objects reloaded= 0
========================================================================
Received Prepare
Begin MonoManager ReloadAssembly
- Loaded All Assemblies, in  1.696 seconds
Refreshing native plugins compatible for Editor in 10.17 ms, found 5 plugins.
Native extension for WindowsStandalone target not found
[Package Manager] Failed to launch server process. Reason: Unity was launched with the -noUpm command-line argument
[Package Manager] Unable to send message (not connected to server process).
[Package Manager] Cannot connect to Unity Package Manager local server
[Package Manager] Failed to launch server process. Reason: Unity was launched with the -noUpm command-line argument
[Package Manager] Unable to send message (not connected to server process).
[Package Manager] Cannot connect to Unity Package Manager local server
Mono: successfully reloaded assembly
- Finished resetting the current domain, in  1.866 seconds
Domain Reload Profiling: 3556ms
	BeginReloadAssembly (399ms)
		ExecutionOrderSort (0ms)
		DisableScriptedObjects (30ms)
		BackupInstance (0ms)
		ReleaseScriptingObjects (0ms)
		CreateAndSetChildDomain (69ms)
	RebuildCommonClasses (71ms)
	RebuildNativeTypeToScriptingClass (26ms)
	initialDomainReloadingComplete (68ms)
	LoadAllAssembliesAndSetupDomain (1125ms)
		LoadAssemblies (818ms)
		RebuildTransferFunctionScriptingTraits (0ms)
		AnalyzeDomain (486ms)
			TypeCache.Refresh (12ms)
				TypeCache.ScanAssembly (0ms)
			BuildScriptInfoCaches (437ms)
			ResolveRequiredComponents (26ms)
	FinalizeReload (1868ms)
		ReleaseScriptCaches (0ms)
		RebuildScriptCaches (0ms)
		SetupLoadedEditorAssemblies (1520ms)
			LogAssemblyErrors (0ms)
			InitializePlatformSupportModulesInManaged (4ms)
			SetLoadedEditorAssemblies (12ms)
			BeforeProcessingInitializeOnLoad (376ms)
			ProcessInitializeOnLoadAttributes (952ms)
			ProcessInitializeOnLoadMethodAttributes (154ms)
			AfterProcessingInitializeOnLoad (20ms)
			EditorAssembliesLoaded (1ms)
		ExecutionOrderSort2 (0ms)
		AwakeInstancesAfterBackupRestoration (32ms)
Refreshing native plugins compatible for Editor in 13.49 ms, found 5 plugins.
Preloading 0 native plugins for Editor in 0.00 ms.
Unloading 13 Unused Serialized files (Serialized files now loaded: 0)
Unloading 7015 unused Assets / (4.7 MB). Loaded Objects now: 7913.
Memory consumption went from 151.3 MB to 146.6 MB.
Total: 20.014700 ms (FindLiveObjects: 1.449000 ms CreateObjectMapping: 2.310600 ms MarkObjects: 10.405800 ms  DeleteObjects: 5.847600 ms)

Prepare: number of updated asset objects reloaded= 0
========================================================================
Received Prepare
Begin MonoManager ReloadAssembly
[Licensing::Client] Successfully resolved entitlement details
[Licensing::Module] License group:
  Id: F4-ZGAK-QVW2-M3YN-TDZ6-XXXX
  Product: Unity Personal
  Type: ULF
  Expiration: Unlimited
[Licensing::Module] License group:
  Id: 1375250263887-UnityPersXXXX
  Product: Unity Personal
  Type: Assigned
  Expiration: Unlimited
- Loaded All Assemblies, in  1.660 seconds
Refreshing native plugins compatible for Editor in 8.01 ms, found 5 plugins.
Native extension for WindowsStandalone target not found
[Package Manager] Failed to launch server process. Reason: Unity was launched with the -noUpm command-line argument
[Package Manager] Unable to send message (not connected to server process).
[Package Manager] Cannot connect to Unity Package Manager local server
[Package Manager] Failed to launch server process. Reason: Unity was launched with the -noUpm command-line argument
[Package Manager] Unable to send message (not connected to server process).
[Package Manager] Cannot connect to Unity Package Manager local server
Mono: successfully reloaded assembly
- Finished resetting the current domain, in  1.651 seconds
Domain Reload Profiling: 3306ms
	BeginReloadAssembly (408ms)
		ExecutionOrderSort (0ms)
		DisableScriptedObjects (30ms)
		BackupInstance (0ms)
		ReleaseScriptingObjects (0ms)
		CreateAndSetChildDomain (80ms)
	RebuildCommonClasses (70ms)
	RebuildNativeTypeToScriptingClass (21ms)
	initialDomainReloadingComplete (71ms)
	LoadAllAssembliesAndSetupDomain (1086ms)
		LoadAssemblies (825ms)
		RebuildTransferFunctionScriptingTraits (0ms)
		AnalyzeDomain (450ms)
			TypeCache.Refresh (14ms)
				TypeCache.ScanAssembly (0ms)
			BuildScriptInfoCaches (403ms)
			ResolveRequiredComponents (24ms)
	FinalizeReload (1651ms)
		ReleaseScriptCaches (0ms)
		RebuildScriptCaches (0ms)
		SetupLoadedEditorAssemblies (1327ms)
			LogAssemblyErrors (0ms)
			InitializePlatformSupportModulesInManaged (4ms)
			SetLoadedEditorAssemblies (10ms)
			BeforeProcessingInitializeOnLoad (326ms)
			ProcessInitializeOnLoadAttributes (829ms)
			ProcessInitializeOnLoadMethodAttributes (137ms)
			AfterProcessingInitializeOnLoad (21ms)
			EditorAssembliesLoaded (1ms)
		ExecutionOrderSort2 (0ms)
		AwakeInstancesAfterBackupRestoration (33ms)
Refreshing native plugins compatible for Editor in 10.55 ms, found 5 plugins.
Preloading 0 native plugins for Editor in 0.00 ms.
Unloading 13 Unused Serialized files (Serialized files now loaded: 0)
Unloading 7015 unused Assets / (4.5 MB). Loaded Objects now: 7916.
Memory consumption went from 151.3 MB to 146.8 MB.
Total: 19.592800 ms (FindLiveObjects: 1.383600 ms CreateObjectMapping: 2.605000 ms MarkObjects: 9.779300 ms  DeleteObjects: 5.822000 ms)

Prepare: number of updated asset objects reloaded= 0
========================================================================
Received Prepare
Begin MonoManager ReloadAssembly
- Loaded All Assemblies, in  1.604 seconds
Refreshing native plugins compatible for Editor in 8.30 ms, found 5 plugins.
Native extension for WindowsStandalone target not found
[Package Manager] Failed to launch server process. Reason: Unity was launched with the -noUpm command-line argument
[Package Manager] Unable to send message (not connected to server process).
[Package Manager] Cannot connect to Unity Package Manager local server
[Package Manager] Failed to launch server process. Reason: Unity was launched with the -noUpm command-line argument
[Package Manager] Unable to send message (not connected to server process).
[Package Manager] Cannot connect to Unity Package Manager local server
Mono: successfully reloaded assembly
- Finished resetting the current domain, in  1.572 seconds
Domain Reload Profiling: 3169ms
	BeginReloadAssembly (411ms)
		ExecutionOrderSort (0ms)
		DisableScriptedObjects (28ms)
		BackupInstance (0ms)
		ReleaseScriptingObjects (0ms)
		CreateAndSetChildDomain (80ms)
	RebuildCommonClasses (61ms)
	RebuildNativeTypeToScriptingClass (20ms)
	initialDomainReloadingComplete (67ms)
	LoadAllAssembliesAndSetupDomain (1036ms)
		LoadAssemblies (800ms)
		RebuildTransferFunctionScriptingTraits (0ms)
		AnalyzeDomain (423ms)
			TypeCache.Refresh (10ms)
				TypeCache.ScanAssembly (0ms)
			BuildScriptInfoCaches (388ms)
			ResolveRequiredComponents (18ms)
	FinalizeReload (1573ms)
		ReleaseScriptCaches (0ms)
		RebuildScriptCaches (0ms)
		SetupLoadedEditorAssemblies (1225ms)
			LogAssemblyErrors (0ms)
			InitializePlatformSupportModulesInManaged (4ms)
			SetLoadedEditorAssemblies (10ms)
			BeforeProcessingInitializeOnLoad (306ms)
			ProcessInitializeOnLoadAttributes (754ms)
			ProcessInitializeOnLoadMethodAttributes (133ms)
			AfterProcessingInitializeOnLoad (18ms)
			EditorAssembliesLoaded (1ms)
		ExecutionOrderSort2 (0ms)
		AwakeInstancesAfterBackupRestoration (40ms)
Refreshing native plugins compatible for Editor in 9.74 ms, found 5 plugins.
Preloading 0 native plugins for Editor in 0.00 ms.
Unloading 13 Unused Serialized files (Serialized files now loaded: 0)
Unloading 7015 unused Assets / (4.5 MB). Loaded Objects now: 7919.
Memory consumption went from 151.4 MB to 146.9 MB.
Total: 19.066500 ms (FindLiveObjects: 1.331200 ms CreateObjectMapping: 2.002100 ms MarkObjects: 9.815700 ms  DeleteObjects: 5.915100 ms)

Prepare: number of updated asset objects reloaded= 0
========================================================================
Received Prepare
Begin MonoManager ReloadAssembly
- Loaded All Assemblies, in  1.713 seconds
Refreshing native plugins compatible for Editor in 7.69 ms, found 5 plugins.
Native extension for WindowsStandalone target not found
[Package Manager] Failed to launch server process. Reason: Unity was launched with the -noUpm command-line argument
[Package Manager] Unable to send message (not connected to server process).
[Package Manager] Cannot connect to Unity Package Manager local server
[Package Manager] Failed to launch server process. Reason: Unity was launched with the -noUpm command-line argument
[Package Manager] Unable to send message (not connected to server process).
[Package Manager] Cannot connect to Unity Package Manager local server
Mono: successfully reloaded assembly
- Finished resetting the current domain, in  1.553 seconds
Domain Reload Profiling: 3260ms
	BeginReloadAssembly (395ms)
		ExecutionOrderSort (0ms)
		DisableScriptedObjects (25ms)
		BackupInstance (0ms)
		ReleaseScriptingObjects (0ms)
		CreateAndSetChildDomain (74ms)
	RebuildCommonClasses (79ms)
	RebuildNativeTypeToScriptingClass (21ms)
	initialDomainReloadingComplete (73ms)
	LoadAllAssembliesAndSetupDomain (1138ms)
		LoadAssemblies (794ms)
		RebuildTransferFunctionScriptingTraits (0ms)
		AnalyzeDomain (540ms)
			TypeCache.Refresh (9ms)
				TypeCache.ScanAssembly (0ms)
			BuildScriptInfoCaches (504ms)
			ResolveRequiredComponents (19ms)
	FinalizeReload (1554ms)
		ReleaseScriptCaches (0ms)
		RebuildScriptCaches (0ms)
		SetupLoadedEditorAssemblies (1234ms)
			LogAssemblyErrors (0ms)
			InitializePlatformSupportModulesInManaged (4ms)
			SetLoadedEditorAssemblies (10ms)
			BeforeProcessingInitializeOnLoad (308ms)
			ProcessInitializeOnLoadAttributes (762ms)
			ProcessInitializeOnLoadMethodAttributes (133ms)
			AfterProcessingInitializeOnLoad (17ms)
			EditorAssembliesLoaded (1ms)
		ExecutionOrderSort2 (0ms)
		AwakeInstancesAfterBackupRestoration (30ms)
Refreshing native plugins compatible for Editor in 11.70 ms, found 5 plugins.
Preloading 0 native plugins for Editor in 0.00 ms.
Unloading 13 Unused Serialized files (Serialized files now loaded: 0)
Unloading 7015 unused Assets / (4.2 MB). Loaded Objects now: 7922.
Memory consumption went from 151.5 MB to 147.3 MB.
Total: 15.601900 ms (FindLiveObjects: 1.402900 ms CreateObjectMapping: 1.720000 ms MarkObjects: 8.306700 ms  DeleteObjects: 4.170100 ms)

Prepare: number of updated asset objects reloaded= 0
========================================================================
Received Prepare
Begin MonoManager ReloadAssembly
[Licensing::Client] Successfully resolved entitlement details
[Licensing::Module] License group:
  Id: F4-ZGAK-QVW2-M3YN-TDZ6-XXXX
  Product: Unity Personal
  Type: ULF
  Expiration: Unlimited
[Licensing::Module] License group:
  Id: 1375250263887-UnityPersXXXX
  Product: Unity Personal
  Type: Assigned
  Expiration: Unlimited
- Loaded All Assemblies, in 10.303 seconds
Refreshing native plugins compatible for Editor in 39.71 ms, found 5 plugins.
Native extension for WindowsStandalone target not found
[Package Manager] Failed to launch server process. Reason: Unity was launched with the -noUpm command-line argument
[Package Manager] Unable to send message (not connected to server process).
[Package Manager] Cannot connect to Unity Package Manager local server
[Package Manager] Failed to launch server process. Reason: Unity was launched with the -noUpm command-line argument
[Package Manager] Unable to send message (not connected to server process).
[Package Manager] Cannot connect to Unity Package Manager local server
Mono: successfully reloaded assembly
- Finished resetting the current domain, in  5.611 seconds
Domain Reload Profiling: 15905ms
	BeginReloadAssembly (1481ms)
		ExecutionOrderSort (0ms)
		DisableScriptedObjects (193ms)
		BackupInstance (0ms)
		ReleaseScriptingObjects (1ms)
		CreateAndSetChildDomain (320ms)
	RebuildCommonClasses (146ms)
	RebuildNativeTypeToScriptingClass (38ms)
	initialDomainReloadingComplete (350ms)
	LoadAllAssembliesAndSetupDomain (8276ms)
		LoadAssemblies (4400ms)
		RebuildTransferFunctionScriptingTraits (0ms)
		AnalyzeDomain (4467ms)
			TypeCache.Refresh (80ms)
				TypeCache.ScanAssembly (0ms)
			BuildScriptInfoCaches (4284ms)
			ResolveRequiredComponents (76ms)
	FinalizeReload (5614ms)
		ReleaseScriptCaches (0ms)
		RebuildScriptCaches (0ms)
		SetupLoadedEditorAssemblies (4491ms)
			LogAssemblyErrors (0ms)
			InitializePlatformSupportModulesInManaged (11ms)
			SetLoadedEditorAssemblies (175ms)
			BeforeProcessingInitializeOnLoad (1387ms)
			ProcessInitializeOnLoadAttributes (2491ms)
			ProcessInitializeOnLoadMethodAttributes (380ms)
			AfterProcessingInitializeOnLoad (45ms)
			EditorAssembliesLoaded (2ms)
		ExecutionOrderSort2 (0ms)
		AwakeInstancesAfterBackupRestoration (84ms)
Refreshing native plugins compatible for Editor in 52.44 ms, found 5 plugins.
Preloading 0 native plugins for Editor in 0.00 ms.
Unloading 13 Unused Serialized files (Serialized files now loaded: 0)
Unloading 7015 unused Assets / (6.2 MB). Loaded Objects now: 7925.
Memory consumption went from 151.5 MB to 145.3 MB.
Total: 90.775500 ms (FindLiveObjects: 5.300300 ms CreateObjectMapping: 18.185200 ms MarkObjects: 32.186600 ms  DeleteObjects: 35.098200 ms)

Prepare: number of updated asset objects reloaded= 0
========================================================================
Received Import Request.
  Time since last request: 23088.120677 seconds.
  path: Assets/Scripts/Buttons.cs
  artifactKey: Guid(76ccce0f012201c459bd79b5ae71baee) Importer(815301076,1909f56bfc062723c751e8b465ee728b)
Start importing Assets/Scripts/Buttons.cs using Guid(76ccce0f012201c459bd79b5ae71baee) Importer(815301076,1909f56bfc062723c751e8b465ee728b) (PreviewImporter) -> (artifact id: '7de57d08adba68c8ed7a5bea0b3c4756') in 0.0077252 seconds
Number of updated asset objects reloaded before import = 0Number of asset objects unloaded after import = 0

========================================================================
Received Import Request.
  Time since last request: 0.367146 seconds.
  path: Assets/Scripts/Muelle.cs
  artifactKey: Guid(ffbdf1debf7db5e46bb22d22421d965f) Importer(2089858483,192608db42251d675da83286b1cce702)
Start importing Assets/Scripts/Muelle.cs using Guid(ffbdf1debf7db5e46bb22d22421d965f) Importer(2089858483,192608db42251d675da83286b1cce702) (ScriptedImporter) -> (artifact id: 'ca46f64f67ea1acb80aabdfb656bcda8') in 0.5954968 seconds
Number of updated asset objects reloaded before import = 0Number of asset objects unloaded after import = 0

========================================================================
Received Prepare
Begin MonoManager ReloadAssembly
[Licensing::Client] Successfully resolved entitlement details
[Licensing::Module] License group:
  Id: F4-ZGAK-QVW2-M3YN-TDZ6-XXXX
  Product: Unity Personal
  Type: ULF
  Expiration: Unlimited
[Licensing::Module] License group:
  Id: 1375250263887-UnityPersXXXX
  Product: Unity Personal
  Type: Assigned
  Expiration: Unlimited
- Loaded All Assemblies, in  2.815 seconds
Refreshing native plugins compatible for Editor in 15.90 ms, found 5 plugins.
Native extension for WindowsStandalone target not found
[Package Manager] Failed to launch server process. Reason: Unity was launched with the -noUpm command-line argument
[Package Manager] Unable to send message (not connected to server process).
[Package Manager] Cannot connect to Unity Package Manager local server
[Package Manager] Failed to launch server process. Reason: Unity was launched with the -noUpm command-line argument
[Package Manager] Unable to send message (not connected to server process).
[Package Manager] Cannot connect to Unity Package Manager local server
Mono: successfully reloaded assembly
- Finished resetting the current domain, in  2.120 seconds
Domain Reload Profiling: 4923ms
	BeginReloadAssembly (739ms)
		ExecutionOrderSort (0ms)
		DisableScriptedObjects (67ms)
		BackupInstance (0ms)
		ReleaseScriptingObjects (1ms)
		CreateAndSetChildDomain (169ms)
	RebuildCommonClasses (113ms)
	RebuildNativeTypeToScriptingClass (37ms)
	initialDomainReloadingComplete (108ms)
	LoadAllAssembliesAndSetupDomain (1804ms)
		LoadAssemblies (1398ms)
		RebuildTransferFunctionScriptingTraits (0ms)
		AnalyzeDomain (706ms)
			TypeCache.Refresh (39ms)
				TypeCache.ScanAssembly (1ms)
			BuildScriptInfoCaches (625ms)
			ResolveRequiredComponents (29ms)
	FinalizeReload (2122ms)
		ReleaseScriptCaches (0ms)
		RebuildScriptCaches (0ms)
		SetupLoadedEditorAssemblies (1596ms)
			LogAssemblyErrors (0ms)
			InitializePlatformSupportModulesInManaged (6ms)
			SetLoadedEditorAssemblies (18ms)
			BeforeProcessingInitializeOnLoad (401ms)
			ProcessInitializeOnLoadAttributes (974ms)
			ProcessInitializeOnLoadMethodAttributes (169ms)
			AfterProcessingInitializeOnLoad (26ms)
			EditorAssembliesLoaded (1ms)
		ExecutionOrderSort2 (0ms)
		AwakeInstancesAfterBackupRestoration (40ms)
Refreshing native plugins compatible for Editor in 15.33 ms, found 5 plugins.
Preloading 0 native plugins for Editor in 0.00 ms.
Unloading 13 Unused Serialized files (Serialized files now loaded: 0)
Unloading 7015 unused Assets / (4.8 MB). Loaded Objects now: 7928.
Memory consumption went from 151.5 MB to 146.7 MB.
Total: 29.237200 ms (FindLiveObjects: 2.489400 ms CreateObjectMapping: 4.040200 ms MarkObjects: 13.481300 ms  DeleteObjects: 9.221700 ms)

Prepare: number of updated asset objects reloaded= 0
========================================================================
Received Import Request.
  Time since last request: 78.658336 seconds.
  path: Assets/Scripts/Buttons.cs
  artifactKey: Guid(76ccce0f012201c459bd79b5ae71baee) Importer(815301076,1909f56bfc062723c751e8b465ee728b)
Start importing Assets/Scripts/Buttons.cs using Guid(76ccce0f012201c459bd79b5ae71baee) Importer(815301076,1909f56bfc062723c751e8b465ee728b) (PreviewImporter) -> (artifact id: 'c6696aaf2994df6118603bdebd486850') in 0.0079012 seconds
Number of updated asset objects reloaded before import = 0Number of asset objects unloaded after import = 0

========================================================================
Received Import Request.
  Time since last request: 18.515606 seconds.
  path: Assets/Scripts/Buttons.cs
  artifactKey: Guid(76ccce0f012201c459bd79b5ae71baee) Importer(2089858483,192608db42251d675da83286b1cce702)
Start importing Assets/Scripts/Buttons.cs using Guid(76ccce0f012201c459bd79b5ae71baee) Importer(2089858483,192608db42251d675da83286b1cce702) (ScriptedImporter) -> (artifact id: '6dbe22cefb09d3fd0085c3d8f29cbeb9') in 0.49087 seconds
Number of updated asset objects reloaded before import = 0Number of asset objects unloaded after import = 0

========================================================================
Received Import Request.
  Time since last request: 30.131932 seconds.
  path: Assets/Scripts/Buttons and Menus
  artifactKey: Guid(44da467f3d570e042839199e12d1c362) Importer(815301076,1909f56bfc062723c751e8b465ee728b)
Start importing Assets/Scripts/Buttons and Menus using Guid(44da467f3d570e042839199e12d1c362) Importer(815301076,1909f56bfc062723c751e8b465ee728b) (PreviewImporter) -> (artifact id: '2e6279920fbef53aab24ee586fcea107') in 0.0028664 seconds
Number of updated asset objects reloaded before import = 0Number of asset objects unloaded after import = 0

========================================================================
Received Import Request.
  Time since last request: 0.679722 seconds.
  path: Assets/Scripts/Buttons and Menus
  artifactKey: Guid(44da467f3d570e042839199e12d1c362) Importer(2089858483,192608db42251d675da83286b1cce702)
Start importing Assets/Scripts/Buttons and Menus using Guid(44da467f3d570e042839199e12d1c362) Importer(2089858483,192608db42251d675da83286b1cce702) (ScriptedImporter) -> (artifact id: '41a3e23efbce6a495857b79213621b1a') in 0.0485493 seconds
Number of updated asset objects reloaded before import = 0Number of asset objects unloaded after import = 1

========================================================================
Received Prepare
Refreshing native plugins compatible for Editor in 26.93 ms, found 5 plugins.
Preloading 0 native plugins for Editor in 0.00 ms.
Unloading 13 Unused Serialized files (Serialized files now loaded: 0)
Unloading 7000 unused Assets / (4.6 MB). Loaded Objects now: 7928.
Memory consumption went from 151.7 MB to 147.1 MB.
Total: 40.528000 ms (FindLiveObjects: 2.742400 ms CreateObjectMapping: 5.480600 ms MarkObjects: 20.769400 ms  DeleteObjects: 11.529300 ms)

Prepare: number of updated asset objects reloaded= 0
========================================================================
Received Import Request.
  Time since last request: 2.931145 seconds.
  path: Assets/Scripts/Buttons and Menus/Buttons.cs
  artifactKey: Guid(76ccce0f012201c459bd79b5ae71baee) Importer(2089858483,192608db42251d675da83286b1cce702)
Start importing Assets/Scripts/Buttons and Menus/Buttons.cs using Guid(76ccce0f012201c459bd79b5ae71baee) Importer(2089858483,192608db42251d675da83286b1cce702) (ScriptedImporter) -> (artifact id: 'c23456ea03468d69f724da2d49cab22b') in 0.046509 seconds
Number of updated asset objects reloaded before import = 0Number of asset objects unloaded after import = 0

========================================================================
Received Prepare
Begin MonoManager ReloadAssembly
[Licensing::Client] Successfully resolved entitlement details
[Licensing::Module] License group:
  Id: F4-ZGAK-QVW2-M3YN-TDZ6-XXXX
  Product: Unity Personal
  Type: ULF
  Expiration: Unlimited
[Licensing::Module] License group:
  Id: 1375250263887-UnityPersXXXX
  Product: Unity Personal
  Type: Assigned
  Expiration: Unlimited
- Loaded All Assemblies, in  2.767 seconds
Refreshing native plugins compatible for Editor in 13.80 ms, found 5 plugins.
Native extension for WindowsStandalone target not found
[Package Manager] Failed to launch server process. Reason: Unity was launched with the -noUpm command-line argument
[Package Manager] Unable to send message (not connected to server process).
[Package Manager] Cannot connect to Unity Package Manager local server
[Package Manager] Failed to launch server process. Reason: Unity was launched with the -noUpm command-line argument
[Package Manager] Unable to send message (not connected to server process).
[Package Manager] Cannot connect to Unity Package Manager local server
Mono: successfully reloaded assembly
- Finished resetting the current domain, in  2.302 seconds
Domain Reload Profiling: 5058ms
	BeginReloadAssembly (736ms)
		ExecutionOrderSort (0ms)
		DisableScriptedObjects (58ms)
		BackupInstance (0ms)
		ReleaseScriptingObjects (0ms)
		CreateAndSetChildDomain (191ms)
	RebuildCommonClasses (112ms)
	RebuildNativeTypeToScriptingClass (42ms)
	initialDomainReloadingComplete (119ms)
	LoadAllAssembliesAndSetupDomain (1746ms)
		LoadAssemblies (1354ms)
		RebuildTransferFunctionScriptingTraits (0ms)
		AnalyzeDomain (696ms)
			TypeCache.Refresh (34ms)
				TypeCache.ScanAssembly (1ms)
			BuildScriptInfoCaches (617ms)
			ResolveRequiredComponents (31ms)
	FinalizeReload (2304ms)
		ReleaseScriptCaches (0ms)
		RebuildScriptCaches (0ms)
		SetupLoadedEditorAssemblies (1803ms)
			LogAssemblyErrors (0ms)
			InitializePlatformSupportModulesInManaged (6ms)
			SetLoadedEditorAssemblies (13ms)
			BeforeProcessingInitializeOnLoad (555ms)
			ProcessInitializeOnLoadAttributes (1003ms)
			ProcessInitializeOnLoadMethodAttributes (192ms)
			AfterProcessingInitializeOnLoad (32ms)
			EditorAssembliesLoaded (1ms)
		ExecutionOrderSort2 (0ms)
		AwakeInstancesAfterBackupRestoration (58ms)
Refreshing native plugins compatible for Editor in 13.85 ms, found 5 plugins.
Preloading 0 native plugins for Editor in 0.00 ms.
Unloading 13 Unused Serialized files (Serialized files now loaded: 0)
Unloading 7015 unused Assets / (4.0 MB). Loaded Objects now: 7931.
Memory consumption went from 151.5 MB to 147.5 MB.
Total: 24.839200 ms (FindLiveObjects: 2.139000 ms CreateObjectMapping: 2.226800 ms MarkObjects: 13.567200 ms  DeleteObjects: 6.902700 ms)

Prepare: number of updated asset objects reloaded= 0
========================================================================
Received Prepare
Refreshing native plugins compatible for Editor in 14.49 ms, found 5 plugins.
Preloading 0 native plugins for Editor in 0.00 ms.
Unloading 13 Unused Serialized files (Serialized files now loaded: 0)
Unloading 7001 unused Assets / (4.6 MB). Loaded Objects now: 7932.
Memory consumption went from 151.6 MB to 147.1 MB.
Total: 28.475300 ms (FindLiveObjects: 2.464400 ms CreateObjectMapping: 3.946500 ms MarkObjects: 14.645400 ms  DeleteObjects: 7.415300 ms)

Prepare: number of updated asset objects reloaded= 0
========================================================================
Received Import Request.
  Time since last request: 29.313186 seconds.
  path: Assets/Scripts/Buttons and Menus/ButtonsMenuPap.cs
  artifactKey: Guid(15af19e9591bb124c81e5ec595870f5c) Importer(815301076,1909f56bfc062723c751e8b465ee728b)
Start importing Assets/Scripts/Buttons and Menus/ButtonsMenuPap.cs using Guid(15af19e9591bb124c81e5ec595870f5c) Importer(815301076,1909f56bfc062723c751e8b465ee728b) (PreviewImporter) -> (artifact id: '8888703afe774d592a9eccc648af5d07') in 0.0081169 seconds
Number of updated asset objects reloaded before import = 0Number of asset objects unloaded after import = 0

========================================================================
Received Prepare
Begin MonoManager ReloadAssembly
- Loaded All Assemblies, in  2.752 seconds
Refreshing native plugins compatible for Editor in 16.67 ms, found 5 plugins.
Native extension for WindowsStandalone target not found
[Package Manager] Failed to launch server process. Reason: Unity was launched with the -noUpm command-line argument
[Package Manager] Unable to send message (not connected to server process).
[Package Manager] Cannot connect to Unity Package Manager local server
[Package Manager] Failed to launch server process. Reason: Unity was launched with the -noUpm command-line argument
[Package Manager] Unable to send message (not connected to server process).
[Package Manager] Cannot connect to Unity Package Manager local server
Mono: successfully reloaded assembly
- Finished resetting the current domain, in  2.603 seconds
Domain Reload Profiling: 5349ms
	BeginReloadAssembly (668ms)
		ExecutionOrderSort (0ms)
		DisableScriptedObjects (38ms)
		BackupInstance (0ms)
		ReleaseScriptingObjects (1ms)
		CreateAndSetChildDomain (141ms)
	RebuildCommonClasses (102ms)
	RebuildNativeTypeToScriptingClass (34ms)
	initialDomainReloadingComplete (113ms)
	LoadAllAssembliesAndSetupDomain (1828ms)
		LoadAssemblies (1348ms)
		RebuildTransferFunctionScriptingTraits (0ms)
		AnalyzeDomain (794ms)
			TypeCache.Refresh (27ms)
				TypeCache.ScanAssembly (1ms)
			BuildScriptInfoCaches (720ms)
			ResolveRequiredComponents (33ms)
	FinalizeReload (2604ms)
		ReleaseScriptCaches (0ms)
		RebuildScriptCaches (0ms)
		SetupLoadedEditorAssemblies (2026ms)
			LogAssemblyErrors (0ms)
			InitializePlatformSupportModulesInManaged (8ms)
			SetLoadedEditorAssemblies (19ms)
			BeforeProcessingInitializeOnLoad (494ms)
			ProcessInitializeOnLoadAttributes (1250ms)
			ProcessInitializeOnLoadMethodAttributes (219ms)
			AfterProcessingInitializeOnLoad (33ms)
			EditorAssembliesLoaded (1ms)
		ExecutionOrderSort2 (0ms)
		AwakeInstancesAfterBackupRestoration (51ms)
Refreshing native plugins compatible for Editor in 14.52 ms, found 5 plugins.
Preloading 0 native plugins for Editor in 0.00 ms.
Unloading 13 Unused Serialized files (Serialized files now loaded: 0)
Unloading 7016 unused Assets / (5.0 MB). Loaded Objects now: 7935.
Memory consumption went from 151.6 MB to 146.6 MB.
Total: 33.791400 ms (FindLiveObjects: 3.222200 ms CreateObjectMapping: 3.625000 ms MarkObjects: 16.382100 ms  DeleteObjects: 10.557800 ms)

Prepare: number of updated asset objects reloaded= 0
========================================================================
Received Import Request.
  Time since last request: 21.779085 seconds.
  path: Assets/Scripts/Buttons and Menus/ButtonsMenuPap.cs
  artifactKey: Guid(15af19e9591bb124c81e5ec595870f5c) Importer(815301076,1909f56bfc062723c751e8b465ee728b)
Start importing Assets/Scripts/Buttons and Menus/ButtonsMenuPap.cs using Guid(15af19e9591bb124c81e5ec595870f5c) Importer(815301076,1909f56bfc062723c751e8b465ee728b) (PreviewImporter) -> (artifact id: 'e36d7e9c9e89ffcdc926ca49dd53f26e') in 0.0058912 seconds
Number of updated asset objects reloaded before import = 0Number of asset objects unloaded after import = 0

========================================================================
Received Prepare
Begin MonoManager ReloadAssembly
[Licensing::Client] Successfully resolved entitlement details
[Licensing::Module] License group:
  Id: F4-ZGAK-QVW2-M3YN-TDZ6-XXXX
  Product: Unity Personal
  Type: ULF
  Expiration: Unlimited
[Licensing::Module] License group:
  Id: 1375250263887-UnityPersXXXX
  Product: Unity Personal
  Type: Assigned
  Expiration: Unlimited
- Loaded All Assemblies, in  2.934 seconds
Refreshing native plugins compatible for Editor in 15.26 ms, found 5 plugins.
Native extension for WindowsStandalone target not found
[Package Manager] Failed to launch server process. Reason: Unity was launched with the -noUpm command-line argument
[Package Manager] Unable to send message (not connected to server process).
[Package Manager] Cannot connect to Unity Package Manager local server
[Package Manager] Failed to launch server process. Reason: Unity was launched with the -noUpm command-line argument
[Package Manager] Unable to send message (not connected to server process).
[Package Manager] Cannot connect to Unity Package Manager local server
Mono: successfully reloaded assembly
- Finished resetting the current domain, in  2.606 seconds
Domain Reload Profiling: 5530ms
	BeginReloadAssembly (714ms)
		ExecutionOrderSort (0ms)
		DisableScriptedObjects (57ms)
		BackupInstance (0ms)
		ReleaseScriptingObjects (0ms)
		CreateAndSetChildDomain (145ms)
	RebuildCommonClasses (99ms)
	RebuildNativeTypeToScriptingClass (29ms)
	initialDomainReloadingComplete (103ms)
	LoadAllAssembliesAndSetupDomain (1976ms)
		LoadAssemblies (1438ms)
		RebuildTransferFunctionScriptingTraits (0ms)
		AnalyzeDomain (874ms)
			TypeCache.Refresh (37ms)
				TypeCache.ScanAssembly (1ms)
			BuildScriptInfoCaches (789ms)
			ResolveRequiredComponents (33ms)
	FinalizeReload (2608ms)
		ReleaseScriptCaches (0ms)
		RebuildScriptCaches (0ms)
		SetupLoadedEditorAssemblies (2006ms)
			LogAssemblyErrors (0ms)
			InitializePlatformSupportModulesInManaged (8ms)
			SetLoadedEditorAssemblies (18ms)
			BeforeProcessingInitializeOnLoad (530ms)
			ProcessInitializeOnLoadAttributes (1201ms)
			ProcessInitializeOnLoadMethodAttributes (217ms)
			AfterProcessingInitializeOnLoad (32ms)
			EditorAssembliesLoaded (1ms)
		ExecutionOrderSort2 (0ms)
		AwakeInstancesAfterBackupRestoration (63ms)
Refreshing native plugins compatible for Editor in 19.21 ms, found 5 plugins.
Preloading 0 native plugins for Editor in 0.00 ms.
Unloading 13 Unused Serialized files (Serialized files now loaded: 0)
Unloading 7016 unused Assets / (5.5 MB). Loaded Objects now: 7938.
Memory consumption went from 151.7 MB to 146.1 MB.
Total: 34.985100 ms (FindLiveObjects: 3.526400 ms CreateObjectMapping: 3.246200 ms MarkObjects: 16.861300 ms  DeleteObjects: 11.346700 ms)

Prepare: number of updated asset objects reloaded= 0
========================================================================
Received Import Request.
  Time since last request: 126.003321 seconds.
  path: Assets/Scripts/Buttons and Menus/ButtonsMenuPap.cs
  artifactKey: Guid(15af19e9591bb124c81e5ec595870f5c) Importer(815301076,1909f56bfc062723c751e8b465ee728b)
Start importing Assets/Scripts/Buttons and Menus/ButtonsMenuPap.cs using Guid(15af19e9591bb124c81e5ec595870f5c) Importer(815301076,1909f56bfc062723c751e8b465ee728b) (PreviewImporter) -> (artifact id: '28bd6c10e0a9f47c6860183294f1b247') in 0.0066701 seconds
Number of updated asset objects reloaded before import = 0Number of asset objects unloaded after import = 0

========================================================================
Received Prepare
Begin MonoManager ReloadAssembly
[Licensing::Client] Successfully resolved entitlement details
[Licensing::Module] License group:
  Id: F4-ZGAK-QVW2-M3YN-TDZ6-XXXX
  Product: Unity Personal
  Type: ULF
  Expiration: Unlimited
[Licensing::Module] License group:
  Id: 1375250263887-UnityPersXXXX
  Product: Unity Personal
  Type: Assigned
  Expiration: Unlimited
- Loaded All Assemblies, in  3.079 seconds
Refreshing native plugins compatible for Editor in 14.25 ms, found 5 plugins.
Native extension for WindowsStandalone target not found
[Package Manager] Failed to launch server process. Reason: Unity was launched with the -noUpm command-line argument
[Package Manager] Unable to send message (not connected to server process).
[Package Manager] Cannot connect to Unity Package Manager local server
[Package Manager] Failed to launch server process. Reason: Unity was launched with the -noUpm command-line argument
[Package Manager] Unable to send message (not connected to server process).
[Package Manager] Cannot connect to Unity Package Manager local server
Mono: successfully reloaded assembly
- Finished resetting the current domain, in  2.298 seconds
Domain Reload Profiling: 5372ms
	BeginReloadAssembly (753ms)
		ExecutionOrderSort (0ms)
		DisableScriptedObjects (52ms)
		BackupInstance (0ms)
		ReleaseScriptingObjects (1ms)
		CreateAndSetChildDomain (173ms)
	RebuildCommonClasses (95ms)
	RebuildNativeTypeToScriptingClass (42ms)
	initialDomainReloadingComplete (107ms)
	LoadAllAssembliesAndSetupDomain (2075ms)
		LoadAssemblies (1553ms)
		RebuildTransferFunctionScriptingTraits (0ms)
		AnalyzeDomain (848ms)
			TypeCache.Refresh (22ms)
				TypeCache.ScanAssembly (0ms)
			BuildScriptInfoCaches (760ms)
			ResolveRequiredComponents (50ms)
	FinalizeReload (2300ms)
		ReleaseScriptCaches (0ms)
		RebuildScriptCaches (0ms)
		SetupLoadedEditorAssemblies (1821ms)
			LogAssemblyErrors (0ms)
			InitializePlatformSupportModulesInManaged (6ms)
			SetLoadedEditorAssemblies (12ms)
			BeforeProcessingInitializeOnLoad (451ms)
			ProcessInitializeOnLoadAttributes (1101ms)
			ProcessInitializeOnLoadMethodAttributes (217ms)
			AfterProcessingInitializeOnLoad (33ms)
			EditorAssembliesLoaded (1ms)
		ExecutionOrderSort2 (0ms)
		AwakeInstancesAfterBackupRestoration (48ms)
Refreshing native plugins compatible for Editor in 22.75 ms, found 5 plugins.
Preloading 0 native plugins for Editor in 0.00 ms.
Unloading 13 Unused Serialized files (Serialized files now loaded: 0)
Unloading 7016 unused Assets / (4.4 MB). Loaded Objects now: 7941.
Memory consumption went from 151.7 MB to 147.3 MB.
Total: 30.196600 ms (FindLiveObjects: 3.244500 ms CreateObjectMapping: 4.858300 ms MarkObjects: 15.022700 ms  DeleteObjects: 7.066900 ms)

Prepare: number of updated asset objects reloaded= 0
========================================================================
Received Prepare
Begin MonoManager ReloadAssembly
[Licensing::Client] Successfully resolved entitlement details
[Licensing::Module] License group:
  Id: F4-ZGAK-QVW2-M3YN-TDZ6-XXXX
  Product: Unity Personal
  Type: ULF
  Expiration: Unlimited
[Licensing::Module] License group:
  Id: 1375250263887-UnityPersXXXX
  Product: Unity Personal
  Type: Assigned
  Expiration: Unlimited
- Loaded All Assemblies, in  3.334 seconds
Refreshing native plugins compatible for Editor in 17.46 ms, found 5 plugins.
Native extension for WindowsStandalone target not found
[Package Manager] Failed to launch server process. Reason: Unity was launched with the -noUpm command-line argument
[Package Manager] Unable to send message (not connected to server process).
[Package Manager] Cannot connect to Unity Package Manager local server
[Package Manager] Failed to launch server process. Reason: Unity was launched with the -noUpm command-line argument
[Package Manager] Unable to send message (not connected to server process).
[Package Manager] Cannot connect to Unity Package Manager local server
Mono: successfully reloaded assembly
- Finished resetting the current domain, in  2.478 seconds
Domain Reload Profiling: 5804ms
	BeginReloadAssembly (730ms)
		ExecutionOrderSort (0ms)
		DisableScriptedObjects (63ms)
		BackupInstance (0ms)
		ReleaseScriptingObjects (1ms)
		CreateAndSetChildDomain (155ms)
	RebuildCommonClasses (129ms)
	RebuildNativeTypeToScriptingClass (45ms)
	initialDomainReloadingComplete (131ms)
	LoadAllAssembliesAndSetupDomain (2290ms)
		LoadAssemblies (1465ms)
		RebuildTransferFunctionScriptingTraits (0ms)
		AnalyzeDomain (1149ms)
			TypeCache.Refresh (25ms)
				TypeCache.ScanAssembly (0ms)
			BuildScriptInfoCaches (1068ms)
			ResolveRequiredComponents (38ms)
	FinalizeReload (2479ms)
		ReleaseScriptCaches (0ms)
		RebuildScriptCaches (0ms)
		SetupLoadedEditorAssemblies (1985ms)
			LogAssemblyErrors (0ms)
			InitializePlatformSupportModulesInManaged (7ms)
			SetLoadedEditorAssemblies (16ms)
			BeforeProcessingInitializeOnLoad (482ms)
			ProcessInitializeOnLoadAttributes (1226ms)
			ProcessInitializeOnLoadMethodAttributes (229ms)
			AfterProcessingInitializeOnLoad (24ms)
			EditorAssembliesLoaded (1ms)
		ExecutionOrderSort2 (0ms)
		AwakeInstancesAfterBackupRestoration (49ms)
Refreshing native plugins compatible for Editor in 23.78 ms, found 5 plugins.
Preloading 0 native plugins for Editor in 0.00 ms.
Unloading 13 Unused Serialized files (Serialized files now loaded: 0)
Unloading 7016 unused Assets / (4.4 MB). Loaded Objects now: 7944.
Memory consumption went from 151.7 MB to 147.3 MB.
Total: 38.771900 ms (FindLiveObjects: 2.336500 ms CreateObjectMapping: 3.171100 ms MarkObjects: 19.100600 ms  DeleteObjects: 14.159500 ms)

Prepare: number of updated asset objects reloaded= 0
========================================================================
Received Prepare
Begin MonoManager ReloadAssembly
[Licensing::Client] Successfully resolved entitlement details
[Licensing::Module] License group:
  Id: F4-ZGAK-QVW2-M3YN-TDZ6-XXXX
  Product: Unity Personal
  Type: ULF
  Expiration: Unlimited
[Licensing::Module] License group:
  Id: 1375250263887-UnityPersXXXX
  Product: Unity Personal
  Type: Assigned
  Expiration: Unlimited
- Loaded All Assemblies, in  3.139 seconds
Refreshing native plugins compatible for Editor in 20.50 ms, found 5 plugins.
Native extension for WindowsStandalone target not found
[Package Manager] Failed to launch server process. Reason: Unity was launched with the -noUpm command-line argument
[Package Manager] Unable to send message (not connected to server process).
[Package Manager] Cannot connect to Unity Package Manager local server
[Package Manager] Failed to launch server process. Reason: Unity was launched with the -noUpm command-line argument
[Package Manager] Unable to send message (not connected to server process).
[Package Manager] Cannot connect to Unity Package Manager local server
Mono: successfully reloaded assembly
- Finished resetting the current domain, in  2.988 seconds
Domain Reload Profiling: 6121ms
	BeginReloadAssembly (795ms)
		ExecutionOrderSort (0ms)
		DisableScriptedObjects (62ms)
		BackupInstance (0ms)
		ReleaseScriptingObjects (1ms)
		CreateAndSetChildDomain (173ms)
	RebuildCommonClasses (154ms)
	RebuildNativeTypeToScriptingClass (50ms)
	initialDomainReloadingComplete (126ms)
	LoadAllAssembliesAndSetupDomain (2008ms)
		LoadAssemblies (1539ms)
		RebuildTransferFunctionScriptingTraits (0ms)
		AnalyzeDomain (823ms)
			TypeCache.Refresh (35ms)
				TypeCache.ScanAssembly (2ms)
			BuildScriptInfoCaches (703ms)
			ResolveRequiredComponents (56ms)
	FinalizeReload (2989ms)
		ReleaseScriptCaches (0ms)
		RebuildScriptCaches (0ms)
		SetupLoadedEditorAssemblies (2481ms)
			LogAssemblyErrors (0ms)
			InitializePlatformSupportModulesInManaged (6ms)
			SetLoadedEditorAssemblies (16ms)
			BeforeProcessingInitializeOnLoad (738ms)
			ProcessInitializeOnLoadAttributes (1425ms)
			ProcessInitializeOnLoadMethodAttributes (256ms)
			AfterProcessingInitializeOnLoad (39ms)
			EditorAssembliesLoaded (1ms)
		ExecutionOrderSort2 (0ms)
		AwakeInstancesAfterBackupRestoration (59ms)
Refreshing native plugins compatible for Editor in 63.92 ms, found 5 plugins.
Preloading 0 native plugins for Editor in 0.00 ms.
Unloading 13 Unused Serialized files (Serialized files now loaded: 0)
Unloading 7016 unused Assets / (3.8 MB). Loaded Objects now: 7947.
Memory consumption went from 151.7 MB to 147.9 MB.
Total: 83.785900 ms (FindLiveObjects: 3.559700 ms CreateObjectMapping: 10.089900 ms MarkObjects: 51.186000 ms  DeleteObjects: 18.944700 ms)

Prepare: number of updated asset objects reloaded= 0
========================================================================
Received Prepare
Refreshing native plugins compatible for Editor in 15.40 ms, found 5 plugins.
Preloading 0 native plugins for Editor in 0.00 ms.
Unloading 13 Unused Serialized files (Serialized files now loaded: 0)
Unloading 7001 unused Assets / (4.9 MB). Loaded Objects now: 7947.
Memory consumption went from 151.8 MB to 146.9 MB.
Total: 29.798000 ms (FindLiveObjects: 2.603000 ms CreateObjectMapping: 2.757000 ms MarkObjects: 15.274300 ms  DeleteObjects: 9.159700 ms)

Prepare: number of updated asset objects reloaded= 0
========================================================================
Received Prepare
Refreshing native plugins compatible for Editor in 15.86 ms, found 5 plugins.
Preloading 0 native plugins for Editor in 0.00 ms.
Unloading 13 Unused Serialized files (Serialized files now loaded: 0)
Unloading 7001 unused Assets / (4.6 MB). Loaded Objects now: 7947.
Memory consumption went from 151.8 MB to 147.3 MB.
Total: 28.503900 ms (FindLiveObjects: 2.400000 ms CreateObjectMapping: 2.413400 ms MarkObjects: 14.735300 ms  DeleteObjects: 8.951500 ms)

Prepare: number of updated asset objects reloaded= 0
========================================================================
Received Prepare
Begin MonoManager ReloadAssembly
[Licensing::Client] Successfully resolved entitlement details
[Licensing::Module] License group:
  Id: F4-ZGAK-QVW2-M3YN-TDZ6-XXXX
  Product: Unity Personal
  Type: ULF
  Expiration: Unlimited
[Licensing::Module] License group:
  Id: 1375250263887-UnityPersXXXX
  Product: Unity Personal
  Type: Assigned
  Expiration: Unlimited
- Loaded All Assemblies, in  3.195 seconds
Refreshing native plugins compatible for Editor in 17.82 ms, found 5 plugins.
Native extension for WindowsStandalone target not found
[Package Manager] Failed to launch server process. Reason: Unity was launched with the -noUpm command-line argument
[Package Manager] Unable to send message (not connected to server process).
[Package Manager] Cannot connect to Unity Package Manager local server
[Package Manager] Failed to launch server process. Reason: Unity was launched with the -noUpm command-line argument
[Package Manager] Unable to send message (not connected to server process).
[Package Manager] Cannot connect to Unity Package Manager local server
Mono: successfully reloaded assembly
- Finished resetting the current domain, in  2.217 seconds
Domain Reload Profiling: 5401ms
	BeginReloadAssembly (994ms)
		ExecutionOrderSort (0ms)
		DisableScriptedObjects (69ms)
		BackupInstance (0ms)
		ReleaseScriptingObjects (1ms)
		CreateAndSetChildDomain (210ms)
	RebuildCommonClasses (150ms)
	RebuildNativeTypeToScriptingClass (51ms)
	initialDomainReloadingComplete (184ms)
	LoadAllAssembliesAndSetupDomain (1803ms)
		LoadAssemblies (1639ms)
		RebuildTransferFunctionScriptingTraits (0ms)
		AnalyzeDomain (671ms)
			TypeCache.Refresh (25ms)
				TypeCache.ScanAssembly (1ms)
			BuildScriptInfoCaches (604ms)
			ResolveRequiredComponents (27ms)
	FinalizeReload (2220ms)
		ReleaseScriptCaches (0ms)
		RebuildScriptCaches (0ms)
		SetupLoadedEditorAssemblies (1653ms)
			LogAssemblyErrors (0ms)
			InitializePlatformSupportModulesInManaged (7ms)
			SetLoadedEditorAssemblies (16ms)
			BeforeProcessingInitializeOnLoad (418ms)
			ProcessInitializeOnLoadAttributes (1020ms)
			ProcessInitializeOnLoadMethodAttributes (166ms)
			AfterProcessingInitializeOnLoad (24ms)
			EditorAssembliesLoaded (1ms)
		ExecutionOrderSort2 (0ms)
		AwakeInstancesAfterBackupRestoration (45ms)
Refreshing native plugins compatible for Editor in 16.09 ms, found 5 plugins.
Preloading 0 native plugins for Editor in 0.00 ms.
Unloading 13 Unused Serialized files (Serialized files now loaded: 0)
Unloading 7016 unused Assets / (4.4 MB). Loaded Objects now: 7950.
Memory consumption went from 151.9 MB to 147.5 MB.
Total: 28.468700 ms (FindLiveObjects: 2.949200 ms CreateObjectMapping: 3.991000 ms MarkObjects: 14.835500 ms  DeleteObjects: 6.688400 ms)

Prepare: number of updated asset objects reloaded= 0
========================================================================
Received Prepare
Begin MonoManager ReloadAssembly
[Licensing::Client] Successfully resolved entitlement details
[Licensing::Module] License group:
  Id: F4-ZGAK-QVW2-M3YN-TDZ6-XXXX
  Product: Unity Personal
  Type: ULF
  Expiration: Unlimited
[Licensing::Module] License group:
  Id: 1375250263887-UnityPersXXXX
  Product: Unity Personal
  Type: Assigned
  Expiration: Unlimited
- Loaded All Assemblies, in  4.674 seconds
Refreshing native plugins compatible for Editor in 20.37 ms, found 5 plugins.
Native extension for WindowsStandalone target not found
[Package Manager] Failed to launch server process. Reason: Unity was launched with the -noUpm command-line argument
[Package Manager] Unable to send message (not connected to server process).
[Package Manager] Cannot connect to Unity Package Manager local server
[Package Manager] Failed to launch server process. Reason: Unity was launched with the -noUpm command-line argument
[Package Manager] Unable to send message (not connected to server process).
[Package Manager] Cannot connect to Unity Package Manager local server
Mono: successfully reloaded assembly
- Finished resetting the current domain, in  3.495 seconds
Domain Reload Profiling: 8175ms
	BeginReloadAssembly (1000ms)
		ExecutionOrderSort (1ms)
		DisableScriptedObjects (108ms)
		BackupInstance (0ms)
		ReleaseScriptingObjects (1ms)
		CreateAndSetChildDomain (200ms)
	RebuildCommonClasses (145ms)
	RebuildNativeTypeToScriptingClass (50ms)
	initialDomainReloadingComplete (149ms)
	LoadAllAssembliesAndSetupDomain (3334ms)
		LoadAssemblies (2758ms)
		RebuildTransferFunctionScriptingTraits (0ms)
		AnalyzeDomain (1001ms)
			TypeCache.Refresh (54ms)
				TypeCache.ScanAssembly (0ms)
			BuildScriptInfoCaches (886ms)
			ResolveRequiredComponents (43ms)
	FinalizeReload (3497ms)
		ReleaseScriptCaches (0ms)
		RebuildScriptCaches (0ms)
		SetupLoadedEditorAssemblies (2759ms)
			LogAssemblyErrors (0ms)
			InitializePlatformSupportModulesInManaged (8ms)
			SetLoadedEditorAssemblies (19ms)
			BeforeProcessingInitializeOnLoad (668ms)
			ProcessInitializeOnLoadAttributes (1502ms)
			ProcessInitializeOnLoadMethodAttributes (455ms)
			AfterProcessingInitializeOnLoad (105ms)
			EditorAssembliesLoaded (2ms)
		ExecutionOrderSort2 (0ms)
		AwakeInstancesAfterBackupRestoration (85ms)
Refreshing native plugins compatible for Editor in 20.56 ms, found 5 plugins.
Preloading 0 native plugins for Editor in 0.00 ms.
Unloading 13 Unused Serialized files (Serialized files now loaded: 0)
Unloading 7016 unused Assets / (5.0 MB). Loaded Objects now: 7953.
Memory consumption went from 151.9 MB to 146.9 MB.
Total: 33.413400 ms (FindLiveObjects: 2.691700 ms CreateObjectMapping: 4.095800 ms MarkObjects: 14.259600 ms  DeleteObjects: 12.361700 ms)

Prepare: number of updated asset objects reloaded= 0
========================================================================
Received Prepare
Begin MonoManager ReloadAssembly
- Loaded All Assemblies, in  4.088 seconds
Refreshing native plugins compatible for Editor in 25.02 ms, found 5 plugins.
Native extension for WindowsStandalone target not found
[Package Manager] Failed to launch server process. Reason: Unity was launched with the -noUpm command-line argument
[Package Manager] Unable to send message (not connected to server process).
[Package Manager] Cannot connect to Unity Package Manager local server
[Package Manager] Failed to launch server process. Reason: Unity was launched with the -noUpm command-line argument
[Package Manager] Unable to send message (not connected to server process).
[Package Manager] Cannot connect to Unity Package Manager local server
Mono: successfully reloaded assembly
- Finished resetting the current domain, in  3.520 seconds
Domain Reload Profiling: 7601ms
	BeginReloadAssembly (1020ms)
		ExecutionOrderSort (1ms)
		DisableScriptedObjects (90ms)
		BackupInstance (0ms)
		ReleaseScriptingObjects (1ms)
		CreateAndSetChildDomain (189ms)
	RebuildCommonClasses (170ms)
	RebuildNativeTypeToScriptingClass (49ms)
	initialDomainReloadingComplete (152ms)
	LoadAllAssembliesAndSetupDomain (2688ms)
		LoadAssemblies (2056ms)
		RebuildTransferFunctionScriptingTraits (0ms)
		AnalyzeDomain (1080ms)
			TypeCache.Refresh (39ms)
				TypeCache.ScanAssembly (0ms)
			BuildScriptInfoCaches (969ms)
			ResolveRequiredComponents (49ms)
	FinalizeReload (3522ms)
		ReleaseScriptCaches (0ms)
		RebuildScriptCaches (0ms)
		SetupLoadedEditorAssemblies (2670ms)
			LogAssemblyErrors (0ms)
			InitializePlatformSupportModulesInManaged (10ms)
			SetLoadedEditorAssemblies (27ms)
			BeforeProcessingInitializeOnLoad (616ms)
			ProcessInitializeOnLoadAttributes (1668ms)
			ProcessInitializeOnLoadMethodAttributes (308ms)
			AfterProcessingInitializeOnLoad (39ms)
			EditorAssembliesLoaded (1ms)
		ExecutionOrderSort2 (0ms)
		AwakeInstancesAfterBackupRestoration (73ms)
Refreshing native plugins compatible for Editor in 27.16 ms, found 5 plugins.
Preloading 0 native plugins for Editor in 0.00 ms.
Unloading 13 Unused Serialized files (Serialized files now loaded: 0)
Unloading 7016 unused Assets / (4.9 MB). Loaded Objects now: 7956.
Memory consumption went from 151.9 MB to 147.0 MB.
Total: 47.938300 ms (FindLiveObjects: 3.018300 ms CreateObjectMapping: 5.200100 ms MarkObjects: 23.000300 ms  DeleteObjects: 16.715600 ms)

Prepare: number of updated asset objects reloaded= 0
========================================================================
Received Prepare
Begin MonoManager ReloadAssembly
[Licensing::Client] Successfully resolved entitlement details
[Licensing::Module] License group:
  Id: F4-ZGAK-QVW2-M3YN-TDZ6-XXXX
  Product: Unity Personal
  Type: ULF
  Expiration: Unlimited
[Licensing::Module] License group:
  Id: 1375250263887-UnityPersXXXX
  Product: Unity Personal
  Type: Assigned
  Expiration: Unlimited
- Loaded All Assemblies, in  3.125 seconds
Refreshing native plugins compatible for Editor in 14.30 ms, found 5 plugins.
Native extension for WindowsStandalone target not found
[Package Manager] Failed to launch server process. Reason: Unity was launched with the -noUpm command-line argument
[Package Manager] Unable to send message (not connected to server process).
[Package Manager] Cannot connect to Unity Package Manager local server
[Package Manager] Failed to launch server process. Reason: Unity was launched with the -noUpm command-line argument
[Package Manager] Unable to send message (not connected to server process).
[Package Manager] Cannot connect to Unity Package Manager local server
Mono: successfully reloaded assembly
- Finished resetting the current domain, in  2.674 seconds
Domain Reload Profiling: 5798ms
	BeginReloadAssembly (793ms)
		ExecutionOrderSort (0ms)
		DisableScriptedObjects (67ms)
		BackupInstance (0ms)
		ReleaseScriptingObjects (1ms)
		CreateAndSetChildDomain (173ms)
	RebuildCommonClasses (145ms)
	RebuildNativeTypeToScriptingClass (38ms)
	initialDomainReloadingComplete (140ms)
	LoadAllAssembliesAndSetupDomain (2006ms)
		LoadAssemblies (1490ms)
		RebuildTransferFunctionScriptingTraits (0ms)
		AnalyzeDomain (862ms)
			TypeCache.Refresh (23ms)
				TypeCache.ScanAssembly (0ms)
			BuildScriptInfoCaches (750ms)
			ResolveRequiredComponents (70ms)
	FinalizeReload (2675ms)
		ReleaseScriptCaches (0ms)
		RebuildScriptCaches (0ms)
		SetupLoadedEditorAssemblies (2042ms)
			LogAssemblyErrors (0ms)
			InitializePlatformSupportModulesInManaged (7ms)
			SetLoadedEditorAssemblies (18ms)
			BeforeProcessingInitializeOnLoad (465ms)
			ProcessInitializeOnLoadAttributes (1235ms)
			ProcessInitializeOnLoadMethodAttributes (278ms)
			AfterProcessingInitializeOnLoad (37ms)
			EditorAssembliesLoaded (2ms)
		ExecutionOrderSort2 (0ms)
		AwakeInstancesAfterBackupRestoration (77ms)
Refreshing native plugins compatible for Editor in 17.61 ms, found 5 plugins.
Preloading 0 native plugins for Editor in 0.00 ms.
Unloading 13 Unused Serialized files (Serialized files now loaded: 0)
Unloading 7016 unused Assets / (4.7 MB). Loaded Objects now: 7959.
Memory consumption went from 152.0 MB to 147.2 MB.
Total: 27.942300 ms (FindLiveObjects: 2.579600 ms CreateObjectMapping: 2.590000 ms MarkObjects: 13.955600 ms  DeleteObjects: 8.813000 ms)

Prepare: number of updated asset objects reloaded= 0
========================================================================
Received Prepare
Begin MonoManager ReloadAssembly
- Loaded All Assemblies, in  2.780 seconds
Refreshing native plugins compatible for Editor in 32.86 ms, found 5 plugins.
Native extension for WindowsStandalone target not found
[Package Manager] Failed to launch server process. Reason: Unity was launched with the -noUpm command-line argument
[Package Manager] Unable to send message (not connected to server process).
[Package Manager] Cannot connect to Unity Package Manager local server
[Package Manager] Failed to launch server process. Reason: Unity was launched with the -noUpm command-line argument
[Package Manager] Unable to send message (not connected to server process).
[Package Manager] Cannot connect to Unity Package Manager local server
Mono: successfully reloaded assembly
- Finished resetting the current domain, in  2.430 seconds
Domain Reload Profiling: 5204ms
	BeginReloadAssembly (703ms)
		ExecutionOrderSort (0ms)
		DisableScriptedObjects (38ms)
		BackupInstance (0ms)
		ReleaseScriptingObjects (0ms)
		CreateAndSetChildDomain (154ms)
	RebuildCommonClasses (118ms)
	RebuildNativeTypeToScriptingClass (41ms)
	initialDomainReloadingComplete (102ms)
	LoadAllAssembliesAndSetupDomain (1808ms)
		LoadAssemblies (1414ms)
		RebuildTransferFunctionScriptingTraits (0ms)
		AnalyzeDomain (729ms)
			TypeCache.Refresh (33ms)
				TypeCache.ScanAssembly (2ms)
			BuildScriptInfoCaches (655ms)
			ResolveRequiredComponents (28ms)
	FinalizeReload (2431ms)
		ReleaseScriptCaches (0ms)
		RebuildScriptCaches (0ms)
		SetupLoadedEditorAssemblies (1834ms)
			LogAssemblyErrors (0ms)
			InitializePlatformSupportModulesInManaged (6ms)
			SetLoadedEditorAssemblies (19ms)
			BeforeProcessingInitializeOnLoad (498ms)
			ProcessInitializeOnLoadAttributes (1111ms)
			ProcessInitializeOnLoadMethodAttributes (173ms)
			AfterProcessingInitializeOnLoad (27ms)
			EditorAssembliesLoaded (1ms)
		ExecutionOrderSort2 (0ms)
		AwakeInstancesAfterBackupRestoration (46ms)
Refreshing native plugins compatible for Editor in 17.17 ms, found 5 plugins.
Preloading 0 native plugins for Editor in 0.00 ms.
Unloading 13 Unused Serialized files (Serialized files now loaded: 0)
Unloading 7016 unused Assets / (4.5 MB). Loaded Objects now: 7962.
Memory consumption went from 152.0 MB to 147.4 MB.
Total: 27.199600 ms (FindLiveObjects: 2.310600 ms CreateObjectMapping: 2.783800 ms MarkObjects: 13.346100 ms  DeleteObjects: 8.755700 ms)

Prepare: number of updated asset objects reloaded= 0
========================================================================
Received Prepare
Begin MonoManager ReloadAssembly
[Licensing::Client] Successfully resolved entitlement details
[Licensing::Module] License group:
  Id: F4-ZGAK-QVW2-M3YN-TDZ6-XXXX
  Product: Unity Personal
  Type: ULF
  Expiration: Unlimited
[Licensing::Module] License group:
  Id: 1375250263887-UnityPersXXXX
  Product: Unity Personal
  Type: Assigned
  Expiration: Unlimited
- Loaded All Assemblies, in  3.190 seconds
Refreshing native plugins compatible for Editor in 13.07 ms, found 5 plugins.
Native extension for WindowsStandalone target not found
[Package Manager] Failed to launch server process. Reason: Unity was launched with the -noUpm command-line argument
[Package Manager] Unable to send message (not connected to server process).
[Package Manager] Cannot connect to Unity Package Manager local server
[Package Manager] Failed to launch server process. Reason: Unity was launched with the -noUpm command-line argument
[Package Manager] Unable to send message (not connected to server process).
[Package Manager] Cannot connect to Unity Package Manager local server
Mono: successfully reloaded assembly
- Finished resetting the current domain, in  2.830 seconds
Domain Reload Profiling: 6018ms
	BeginReloadAssembly (804ms)
		ExecutionOrderSort (0ms)
		DisableScriptedObjects (55ms)
		BackupInstance (0ms)
		ReleaseScriptingObjects (1ms)
		CreateAndSetChildDomain (179ms)
	RebuildCommonClasses (132ms)
	RebuildNativeTypeToScriptingClass (47ms)
	initialDomainReloadingComplete (128ms)
	LoadAllAssembliesAndSetupDomain (2074ms)
		LoadAssemblies (1532ms)
		RebuildTransferFunctionScriptingTraits (0ms)
		AnalyzeDomain (894ms)
			TypeCache.Refresh (35ms)
				TypeCache.ScanAssembly (0ms)
			BuildScriptInfoCaches (798ms)
			ResolveRequiredComponents (47ms)
	FinalizeReload (2832ms)
		ReleaseScriptCaches (0ms)
		RebuildScriptCaches (0ms)
		SetupLoadedEditorAssemblies (2315ms)
			LogAssemblyErrors (0ms)
			InitializePlatformSupportModulesInManaged (7ms)
			SetLoadedEditorAssemblies (17ms)
			BeforeProcessingInitializeOnLoad (594ms)
			ProcessInitializeOnLoadAttributes (1436ms)
			ProcessInitializeOnLoadMethodAttributes (228ms)
			AfterProcessingInitializeOnLoad (32ms)
			EditorAssembliesLoaded (1ms)
		ExecutionOrderSort2 (0ms)
		AwakeInstancesAfterBackupRestoration (57ms)
Refreshing native plugins compatible for Editor in 26.15 ms, found 5 plugins.
Preloading 0 native plugins for Editor in 0.00 ms.
Unloading 13 Unused Serialized files (Serialized files now loaded: 0)
Unloading 7016 unused Assets / (4.5 MB). Loaded Objects now: 7965.
Memory consumption went from 152.1 MB to 147.6 MB.
Total: 39.337600 ms (FindLiveObjects: 3.177500 ms CreateObjectMapping: 5.106400 ms MarkObjects: 19.925800 ms  DeleteObjects: 11.123600 ms)

Prepare: number of updated asset objects reloaded= 0
